Game Name,Title ID
NBA 2K16,315A07D1
WWE 2K16,315A07D2
Love Tore: Sweet,324707D1
Love Tore: Mint,324707D2
Love Tore: Bitter,324707D3
Ge-Sen Love. Plus Pengo!,334807D1
Shooting Love 10th Anniversary,334807D2
Painkiller: Hell & Damnation,354807D1
Deadfall Adventures,354807D5
MX vs. ATV Supercross,354807DC
Dance Central 2,373307D2
Dance Central 3,373307D9
Young Justice: Legacy,373407D1
Falling Skies: The Game,373407D3
How to Train Your Dragon 2,373407D4
Adventure Time: The Secret of the Nameless Kingdom,373407D6
Kung Fu Panda: Showdown of Legendary Legends,373407D7
Adventure Time: Finn & Jake Investigations,373407D8
Monster High: New Ghoul in School,373407DA
Barbie and Her Sisters: Puppy Rescue,373407DB
Diablo III,394F07D1
Diablo III: Ultimate Evil Edition,394F07D4
Air Conflicts: Secret Wars,413307D3
Air Conflicts: Pacific Carriers,413307D6
Air Conflicts: Vietnam,413307D9
No Fate! Only the Power of Will,414A07D1
Gal*Gun,414A07D2
Ougon Musou Kyoku X,414A07D3
A-Train HX,414B07D1
Zoids Assault,415407D1
Operation Darkness,415407D2
Spectral Force 3,415407D3
The Cursed Crusade,415407D6
Catherine,415407D7
Divinity II: The Dragon Knight Saga,415407D8
Game of Thrones,415407DE
The Testament of Sherlock Holmes,415407E0
Persona 4 Arena Ultimax,415407E2
Call of Duty 2,415607D1
Quake 4,415607D2
Gun,415607D3
Tony Hawk's American Wasteland,415607D4
Quake 4 Bonus Disc,415607D6
Quake 4,415607D7
World Series of Poker: Tournament of Champions - 2007 Edition,415607D9
Marvel: Ultimate Alliance,415607DA
X-Men: The Official Game,415607DB
Cabela's Alaskan Adventures,415607DC
Tony Hawk's Project 8,415607DD
Wolfenstein,415607DE
Enemy Territory: Quake Wars,415607DF
Pimp My Ride,415607E0
Call of Duty 3,415607E1
Spider-Man 3,415607E2
The History Channel: Civil War - A Nation Divided,415607E4
Cabela's African Safari,415607E5
Call of Duty 4: Modern Warfare,415607E6
Guitar Hero II,415607E7
Shrek the Third,415607E8
Rapala Tournament Fishing,415607EB
Singularity,415607EF
Tony Hawk's Proving Ground,415607F0
Transformers: The Game,415607F1
Kung Fu Panda,415607F2
Bee Movie Game,415607F5
Guitar Hero III: Legends of Rock,415607F7
Spider-Man: Friend or Foe,415607FA
Quantum of Solace,415607FF
Cabela's Big Game Hunter,41560800
Hot Wheels: Beat That!,41560801
Soldier of Fortune: Payback,41560802
Monster Jam,41560803
Cabela's Trophy Bucks,41560804
The History Channel: Battle For the Pacific,41560805
World Series of Poker 2008: Battle for the Bracelets,41560806
Rapala Fishing Frenzy 2009,41560808
Tony Hawk's Proving Ground - Demo Disc,4156080E
Tony Hawk's Project 8,41560810
Hot Wheels: Beat That!,41560811
Guitar Hero III: Legends of Rock - Demo Disc,41560814
Spider-Man: Web of Shadows,41560815
X-Men Origins: Wolverine - Uncaged Edition,41560816
Call of Duty: Modern Warfare 2,41560817
Soldier of Fortune: Payback,41560818
Guitar Hero: Aerosmith,41560819
Guitar Hero World Tour,4156081A
Call of Duty: World at War,4156081C
Madagascar: Escape 2 Africa,4156081D
James Bond 007: Blood Stone,4156081F
Tony Hawk: Ride,41560820
SCORE International Baja 1000,41560823
Secret Service,41560824
The History Channel: Civil War - Secret Missions,41560825
Cabela's Dangerous Adventures,41560826
Millennium Series Championship Paintball 2009,41560827
Monsters vs. Aliens,4156082A
Marvel: Ultimate Alliance 2,4156082F
Guitar Hero: Metallica,41560830
Transformers: Revenge of the Fallen,41560834
Guitar Hero: Van Halen,4156083D
Guitar Hero: Smash Hits,4156083E
Ice Age: Dawn of the Dinosaurs,4156083F
Guitar Hero 5,41560840
DJ Hero,41560844
Blur,41560845
Transformers: War for Cybertron,4156084C
Prototype,4156084E
Call of Duty: Black Ops,41560855
Bakugan: Battle Brawlers,41560857
Madagascar Kartz,41560858
Chaotic: Shadow Warriors,4156085A
Cabela's Outdoor Adventures,4156085B
Band Hero,4156085C
Cabela's Big Game Hunter 2010,4156085F
Jurassic: The Hunted,41560870
Shrek Forever After,41560876
How to Train Your Dragon,41560877
DJ Hero 2,4156087F
Spider-Man: Shattered Dimensions,41560881
Guitar Hero: Warriors of Rock,41560883
Little League World Series Baseball 2010,41560886
Tony Hawk: Shred,41560888
Rapala Pro Bass Fishing 2010,41560889
Apache: Air Assault,4156088B
Monster Jam: Path of Destruction,4156088C
Blood Drive,4156088D
Cabela's North American Adventures,4156088F
Cabela's Dangerous Hunts 2011,41560890
Bakugan: Defenders of the Core,41560891
NASCAR The Game 2011,41560893
Transformers: Fall of Cybertron,4156089C
Transformers: Dark of the Moon,415608A4
Prototype 2,415608A7
X-Men: Destiny,415608AA
Skylanders: Spyro's Adventure,415608AB
Generator Rex: Agent of Providence,415608AD
Wipeout: In the Zone,415608AE
GoldenEye 007: Reloaded,415608AF
Spider-Man: Edge of Time,415608B2
DreamWorks Super Star Kartz,415608B4
The Amazing Spider-Man,415608B5
NASCAR Unleashed,415608BB
Cabela's Big Game Hunter 2012,415608BD
Cabela's Survival: Shadows of Katmai,415608BE
Cabela's Big Game Hunter: Hunting Party,415608C2
Call of Duty: Black Ops II,415608C3
Family Guy: Back to the Multiverse,415608C5
Rapala for Kinect,415608C6
Cabela's Adventure Camp,415608C7
Call of Duty: Modern Warfare 3,415608CB
Wipeout 2,415608CC
Big League Sports,415608CE
Battleship,415608D1
NASCAR The Game: Inside Line,415608D2
Men In Black: Alien Crisis,415608D3
Ice Age: Continental Drift - Arctic Games,415608D7
007 Legends,415608D8
Skylanders: Giants,415608DA
Cabela's Dangerous Hunts 2013,415608DB
Cabela's Hunting Expeditions,415608DC
Wipeout 3,415608DD
The Walking Dead: Survival Instinct,415608E1
Angry Birds Trilogy,415608E4
Skylanders: Swap Force,415608E9
Deadpool,415608EC
Fast & Furious: Showdown,415608ED
Destiny,415608F8
Cabela's African Adventures,415608FA
Call of Duty: Ghosts,415608FC
Nickelodeon's Teenage Mutant Ninja Turtles,415608FD
Cabela's Big Game Hunter: Pro Hunts,415608FE
Wipeout: Create & Crash,415608FF
SpongeBob SquarePants: Plankton's Robotic Revenge,41560900
Angry Birds Star Wars,41560901
Transformers: Rise of the Dark Spark,41560904
The Amazing Spider-Man 2,41560905
Teenage Mutant Ninja Turtles: Danger of the Ooze,4156090C
Duck Dynasty,4156090D
Skylanders: Trap Team,41560911
The Voice: I Want You,41560912
Call of Duty: Advanced Warfare,41560914
SpongeBob HeroPants,41560919
Tony Hawk's Pro Skater 5,4156091B
Call of Duty: Black Ops III,4156091D
Teenage Mutant Ninja Turtles: Mutants in Manhattan,4156091E
Skylanders: SuperChargers,4156091F
Guitar Hero Live,41560920
The Peanuts Movie: Snoopy's Grand Adventure,41560922
Transformers: Devastation,41560923
King's Quest - The Complete Collection,41560926
Skylanders: Imaginators,41560930
Guilty Gear 2: Overture,415707D1
Shikigami no Shiro III,415707D2
Battle Fantasia,415707D4
BlazBlue: Continuum Shift,415707DA
Arcana Heart 3,415707DC
BlazBlue: Continuum Shift - Extend,415707DD
BlazBlue: Calamity Trigger,415807D5
Record of Agarest War,415807D7
DeathSmiles,415807D8
Record of Agarest War Zero,415807D9
Supreme Commander,415907D1
Supreme Commander,415907D5
Black College Football: The Xperience - The Doug Williams Edition,415907D7
Zegapain XOR,424107D1
Culdcept Saga (Updated Version),424107D2
Mobile Suit Gundam: Operation Troy,424107D6
Dragon Ball Z: Burst Limit,424107DC
Culdcept Saga,424107DD
Kingdom Under Fire: Circle of Doom,424507D1
WSC Real 09: World Snooker Championship,424907D1
WSC Real 11: World Snooker Championship,424907D4
Super Robot Taisen XO,425007D1
The Elder Scrolls IV: Oblivion,425307D1
Star Trek: Legacy,425307D2
Rogue Warrior,425307D3
Fallout 3,425307D5
Hunted: The Demon's Forge,425307D7
Brink,425307D9
WET,425307DB
Fallout: New Vegas,425307E0
The Elder Scrolls IV: Oblivion - Game of the Year Edition,425307E2
Dishonored,425307E3
The Elder Scrolls V: Skyrim,425307E6
Rage (Disc 3),425307EC
Fallout: New Vegas - Ultimate Edition,425307EE
Doom 3: BFG Edition,425307F1
Dishonored - Game of the Year Edition,425307F3
The Evil Within,425307F4
Wolfenstein: The New Order,425307F5
The Elder Scrolls V: Skyrim - Legendary Edition,425307F6
Jumper: Griffin's Story,425407D1
Space Chimps,425407D4
Pirates of the Caribbean: At World's End,425607D1
Turok,425607D3
Meet the Robinsons,425607D4
Pure,425607D9
The Chronicles of Narnia: Prince Caspian,425607DB
Bolt,425607DE
High School Musical 3: Senior Year Dance!,425607DF
Disney Sing It,425607E0
Toy Story 3,425607E5
Disney Sing It: High School Musical 3 - Senior Year,425607E6
Split/Second,425607E7
G-Force,425607E8
Hannah Montana: The Movie,425607E9
Tron: Evolution,425607ED
Cars 2,425607FE
LEGO Pirates of the Caribbean: The Video Game,42560802
Disney Universe,42560803
Disney Epic Mickey 2: The Power of Two,42560816
Brave,42560817
Toy Story Mania!,42560819
Disney Infinity,4256081E
Fantasia: Music Evolved,42560824
Disney Infinity: Marvel Super Heroes - 2.0 Edition,4256082C
Disney Infinity: 3.0 Edition,42560832
The Elder Scrolls IV: Oblivion,427307D1
Bullet Witch,434107D1
Tetris: The Grand Master Ace,434107D2
Vampire Rain,434107D3
Tsuushin Taisen Mahjong Touryuumon,434107D5
Dead Rising,434307D2
Lost Planet: Extreme Condition,434307D3
Resident Evil 5,434307D4
Bionic Commando,434307DD
Lost Planet: Extreme Condition - Colonies Edition,434307DE
Devil May Cry 4,434307DF
Dark Void,434307E0
Street Fighter IV,434307E1
MotoGP 08,434307E6
Dead Rising 2,434307EC
Lost Planet 2,434307ED
MotoGP 09/10,434307F0
Super Street Fighter IV,434307FC
Monster Hunter Frontier Online,434307FD
Marvel vs. Capcom 3: Fate of Two Worlds,43430806
MotoGP 10/11,4343080B
Street Fighter X Tekken,4343080F
Dragon's Dogma,43430814
Steel Battalion: Heavy Armor,43430816
Asura's Wrath,43430817
Resident Evil 6,43430819
Resident Evil: Operation Raccoon City,4343081D
Devil May Cry HD Collection,4343081E
Dead Rising 2: Off the Record,4343081F
Ultimate Marvel vs. Capcom 3,43430821
DmC: Devil May Cry,43430824
Capcom Digital Collection,4343082B
Remember Me,4343082F
Lost Planet 3,43430830
Resident Evil: Revelations,43430833
DuckTales Remastered,4343083F
Resident Evil: Revelations 2,43430840
Divinity II: Ego Draconis,434407D6
Akatsuki no Amaneka to Aoi Kyojin,434607D2
Strike Witches: Silver Wings,434607D3
Ever17,434607D5
Cross Channel: In Memory of All People,434607D6
code_18,434607D8
LMA Manager 2007,434D07D2
Overlord,434D07D5
Brian Lara International Cricket 2007,434D07D8
DiRT,434D07DB
Rise of the Argonauts,434D07DE
Turning Point: Fall of Liberty,434D07E0
Clive Barker's Jericho,434D07E9
GRID,434D07FF
GRID - Demo Disc,434D0800
Turning Point: Fall of Liberty,434D0801
Damnation,434D0806
You're in the Movies,434D0808
Overlord II,434D0809
Fuel,434D080D
Operation Flashpoint: Dragon Rising,434D0811
DiRT 2,434D0819
Leisure Suit Larry: Box Office Bust,434D0822
Ashes Cricket 2009,434D082B
F1 2010,434D082D
International Cricket 2010,434D0836
Operation Flashpoint: Red River,434D0838
Bodycount,434D0839
DiRT 3,434D083D
F1 2011,434D0842
GRID 2,434D0844
DiRT: Showdown,434D0845
F1 2012,434D0847
F1 Race Stars,434D0849
F1 2013,434D084F
GRID Autosport,434D0851
F1 2014,434D0852
Winter Sports 2: The Next Challenge,434E07D2
Autobahn Polizei,434E07D3
SBK: Superbike World Championship,434E07D5
World Championship Poker 2: All In,435607D1
Summer Athletics: The Ultimate Challenge,435607D4
Crash Time: Autobahn Pursuit,435607D5
Pinball Hall of Fame: The Williams Collection,435607D7
Deadliest Catch: Sea of Chaos,435607D8
Man vs. Wild,435607D9
Brunswick Pro Bowling,435607DA
Cartoon Network: Punch Time Explosion XL,435607DB
Sniper: Ghost Warrior,435907D1
Sniper: Ghost Warrior 2,435907D4
Enemy Front,435907D5
Mushihimesama Futari Ver 1.5,435A07D7
Espgaluda II Black Label,435A07D8
Deathsmiles II X: Makai no Merry Christmas,435A07D9
DoDonPachi DaiFukkatsu Black Label,435A07DC
Akai Katana,435A07DD
Muchi Muchi Pork & Pink Sweets,435A07DE
DoDonPachi DaiFukkatsu Ver 1.5,435A07DF
Instant Brain,435A07E0
Mushihime-sama HD,435A07E3
Cave Shooting Collection - DLC Install Disc,435A07E8
Jurassic Park: The Game,443607D0
The Walking Dead,443607D2
The Walking Dead: Season Two,443607D4
The Wolf Among Us,443607D5
Back to the Future: The Game - 30th Anniversary Edition,443607D6
The Jackbox Party Pack,443607D7
Game of Thrones: A Telltale Games Series,443607D8
Minecraft: Story Mode,443607D9
Batman: The Telltale Series,443607DB
Minecraft: Story Mode - The Complete Adventure,443607DC
Minecraft: Story Mode - Season 2,443607DF
Indianapolis 500 Evolution,444507D2
Stoked,444507D3
Stoked: Big Air Edition,444507D5
Phantom: Phantom of Inferno,444707D3
Earth Defense Force 2017,445007D3
Dark Sector,445007D4
Onechanbara: Bikini Samurai Squad,445007EA
Eat Lead: The Return of Matt Hazard,445007EB
Dream Club,445007F0
Ben 10: Alien Force - Vilgax Attacks,445007F1
Eat Lead: The Return of Matt Hazard,445007F2
Machi-ing Maker 4,445007F3
Onechanbara Z: Kagura,445007F4
Dream C Club Zero,445007F6
Ben 10: Ultimate Alien - Cosmic Destruction,445007F7
Earth Defense Force: Insect Armageddon,445007F9
Victorious: Time to Shine,445007FA
Ben 10: Galactic Racing,445007FC
Mahjong * Dream C Club,445007FF
Madagascar 3,44500801
Ben 10: Omniverse,44500802
Rise of the Guardians,44500803
Top Hand Rodeo Tour,44500804
Earth Defense Force 2025,44500805
Turbo: Super Stunt Squad,44500806
Adventure Time: Explore the Dungeon Because I DON'T KNOW!,44500807
Ben 10: Omniverse 2,44500808
Venetica,445407D1
Summer Athletics,445407D2
Divinity II: Ego Draconis,445407D3
Gray Matter,445407D4
Summer Athletics 2009,445407D6
Crash Time 4: The Syndicate,445407D9
Winter Sports 2011: Go for Gold,445407DA
The Cursed Crusade,445407DE
Crash Time 5: Undercover,445407E1
Persona 4 Arena,453907D2
Madden NFL 06,454107D2
Tiger Woods PGA Tour 06,454107D6
FIFA 06: Road to FIFA World Cup,454107D7
NBA Live 06,454107D8
Need for Speed Most Wanted,454107D9
Battlefield 2: Modern Combat,454107DB
Burnout Revenge,454107DC
Fight Night Round 3,454107DE
The Lord of the Rings: The Battle for Middle-earth II,454107DF
2006 FIFA World Cup,454107E6
NCAA Football 07,454107E8
The Godfather,454107E9
Madden NFL 07,454107EB
Need for Speed Carbon,454107EC
Superman Returns,454107ED
Def Jam: Icon,454107EE
FIFA 07,454107EF
NBA Live 07,454107F1
NCAA March Madness 07,454107F2
NHL 07,454107F3
Tiger Woods PGA Tour 07,454107F4
Medal of Honor: Airborne,454107F6
NBA Street Homecourt,454107F7
Army of Two,454107F8
Battlefield: Bad Company,454107F9
Harry Potter and the Half-Blood Prince,454107FA
Burnout Paradise,45410806
The Simpsons Game,45410809
Command & Conquer 3: Tiberium Wars,4541080E
The Orange Box - Half-Life 2 (incl. Episodes 1 & 2) / Team Fortress 2 / Portal,4541080F
UEFA Champions League 2006-2007,45410811
Skate,45410813
NASCAR 08,45410814
Harry Potter and the Order of the Phoenix,45410819
NCAA Football 08,4541081A
Madden NFL 08,4541081D
FIFA 08,4541081F
NHL 08,45410820
Tiger Woods PGA Tour 08,45410821
Need for Speed ProStreet,45410822
Mercenaries 2: World in Flames,45410828
Rock Band,45410829
NBA Live 08,4541082B
NASCAR 08,4541082D
Left 4 Dead,45410830
NFL Tour,45410835
NCAA March Madness 08,45410837
Command & Conquer 3: Kane's Wrath,4541083A
FIFA Street 3,4541083B
UEFA Euro 2008,4541083F
NFL Head Coach 09,45410841
NASCAR 09,45410845
Army of Two,4541084C
Army of Two,4541084F
Mirror's Edge,45410850
The Lord of the Rings: Conquest,45410852
Dead Space,45410857
FIFA 09,4541085B
NCAA Football 09,4541085D
Command & Conquer: Red Alert 3,45410860
FaceBreaker,45410861
Madden NFL 09,45410864
The Godfather II,45410866
Rock Band 2,45410869
Monopoly,4541086F
Tiger Woods PGA Tour 09,45410870
NHL 09,45410872
Need for Speed Undercover,45410876
NASCAR 09,45410879
NBA Live 09,4541087A
Skate 2,4541087F
Rock Band Track Pack Vol. 2,45410881
AC/DC Live: Rock Band Track Pack,45410889
NCAA Basketball 09,4541088A
The Saboteur,4541088F
Grand Slam Tennis 2,45410891
Fight Night Round 4,45410894
Trivial Pursuit,45410898
G.I. Joe: The Rise of Cobra,4541089B
NCAA Football 10,454108A4
Battlefield: Bad Company 2,454108A8
Tiger Woods PGA Tour 10,454108AD
Skate 2,454108AF
Rock Band Track Pack: Classic Rock,454108B0
The Beatles: Rock Band,454108B1
The Beatles: Rock Band - Best Buy Exclusive Demo,454108B2
Need for Speed Shift,454108B4
NHL 10,454108BA
FIFA 10,454108BC
Dragon Age: Origins,454108C0
NBA Live 10,454108C1
NCAA Basketball 10,454108C3
Brutal Legend,454108C5
Madden NFL 10,454108C6
Rock Band Track Pack: Country,454108CA
Rock Band Track Pack: Metal,454108CD
Mass Effect 2,454108CE
Dante's Inferno,454108CF
Left 4 Dead 2,454108D4
Army of Two: The 40th Day,454108D8
G.I. Joe: The Rise of Cobra,454108D9
Hasbro Family Game Night,454108DD
Dead Space 2,454108DF
The Sims 3,454108E2
Crysis 2,454108E3
2010 FIFA World Cup South Africa,454108E4
MySims SkyHeroes,454108E5
Skate 3,454108E6
Green Day: Rock Band,454108E7
Tiger Woods PGA Tour 11,454108EE
Bulletstorm,454108EF
Army of Two: The 40th Day,454108F1
FIFA 11,454108F3
Monopoly Streets,454108F5
Medal of Honor,454108F7
Harry Potter and the Deathly Hallows: Part 1,454108F9
EA Sports MMA,454108FC
NHL 11,454108FD
Madden NFL 11,454108FE
NCAA Football 11,45410900
Need for Speed: Hot Pursuit,45410903
Dragon Age II,4541090B
Hasbro Family Game Night 3,4541090C
EA Sports Active 2,45410911
Portal 2,45410912
Rock Band 3,45410914
Fight Night Champion,45410915
Alice: Madness Returns,45410916
Syndicate,45410923
Create,45410929
Shadows of the Damned,4541092A
Rock Band Track Pack: Country 2,4541092C
Need for Speed Shift 2: Unleashed,45410934
Madden NFL 12,45410937
Rango,4541093A
Mass Effect 2,4541093D
Kingdoms of Amalur: Reckoning,4541093E
Dragon Age: Origins - Ultimate Edition,45410949
Need for Speed: The Run,4541094A
NBA Jam,4541094C
Tiger Woods PGA Tour 12: The Masters,4541094D
NCAA Football 12,4541094E
Battlefield 3,45410950
Harry Potter and the Deathly Hallows: Part 2,45410955
Dead Space 2,45410959
Mass Effect 3,4541095D
Need for Speed: Most Wanted (2012),45410961
The Sims 3: Pets,45410962
NHL 12,45410964
Hasbro Family Game Night 4: The Game Show,45410966
FIFA 12,45410967
SSX,4541096D
Fuse,4541096E
Hasbro Family Game Night - Fun Pack,4541096F
Tiger Woods PGA Tour 13,45410972
FIFA Street,4541097B
Hasbro Family Game Night 4: The Game Show,4541097C
NCAA Football 13,4541098A
Madden NFL 13,4541098B
Crysis 3,4541098E
Medal of Honor: Warfighter,45410993
Dragon Age: Inquisition,45410997
FIFA 13,45410998
NHL 13,4541099B
Dead Space 3,4541099D
Zuma's Revenge!,4541099F
Tiger Woods PGA Tour 14,454109A9
Army of Two: The Devil's Cartel,454109AB
NCAA Football 14,454109B6
Battlefield 4,454109BA
NHL 14,454109BE
Madden NFL 25,454109C1
FIFA 14,454109C3
Need for Speed Rivals,454109C6
Plants vs. Zombies: Garden Warfare,454109C9
Titanfall,454109D0
2014 FIFA World Cup Brazil,454109D4
Madden NFL 15,454109D9
FIFA 15,454109DB
NHL 15,454109DC
Battlefield Hardline,454109E0
Madden NFL 16,454109EB
NHL Legacy Edition,454109EC
FIFA 16,454109EE
Madden NFL 17,454109F2
FIFA 17,454109F4
FIFA 18 Legacy Edition,454109F8
FIFA 19 Legacy Edition,454109F9
FlatOut: Ultimate Carnage,454D07D2
Brave: A Warrior's Tale,455607D1
Raven Squad: Operation Hidden Dagger,455607D3
Terminator Salvation,455607D5
JASF: Jane's Advanced Strike Fighters,455607D6
Venetica,455607D7
Mayhem 3D,455607D8
Test Drive: Ferrari Racing Legends,455607DB
Blood Bowl,464507D1
Sherlock Holmes Versus Jack the Ripper,464507D3
The Testament of Sherlock Holmes,464507D5
Divinity II: The Dragon Knight Saga,464507D6
Le Tour de France,464507D8
Of Orcs and Men,464507D9
Le Tour de France 2012,464507DA
Game of Thrones,464507DB
Farming Simulator,464507DC
Bound by Flame,464507DD
Le Tour de France 2013 - 100th Edition,464507DE
Sherlock Holmes: Crimes & Punishments,464507DF
Le Tour de France 2014,464507E0
Farming Simulator 15,464507E1
AquaZone: Life Simulator,464707D1
IL-2 Sturmovik: Birds of Prey,464F07D1
MorphX,464F07D7
Naughty Bear,464F07D8
Naval Assault: The Killing Tide,464F07D9
Backbreaker,464F07DA
Field & Stream: Total Outdoorsman Challenge,464F07DB
Michael Phelps: Push the Limit,464F07E1
Supremacy MMA,464F07E4
Grease: Dance,464F07E7
Sniper Elite V2,464F07E8
Brunswick Pro Bowling,464F07E9
Greg Hastings Paintball 2,464F07EB
Top Gun: Hard Lock,464F07EC
Rugby World Cup 2011,464F07ED
Blackwater,464F07F2
Jillian Michaels' Fitness Adventure,464F07F6
Adidas miCoach,464F07FE
Payday 2,464F0800
Terraria,464F0802
Sniper Elite III,464F0803
Tenchu Z,465307D1
[eM] -eNCHANT arM- (Japanese Version),465307D2
[eM] -eNCHANT arM- (Asian Version),465307D3
Armored Core 4,465307D6
Tenchu Z,465307D7
Ninja Blade,465307D9
Armored Core for Answer,465307DA
Armored Core: Verdict Day,465307E3
Dark Souls II,465307E4
Ketsui: Kizuna Jigoku Tachi Extra,465607D1
DoDonPachi Dai-Ou-Jou Black Label Extra,465607D2
Chaos;Head Noah,465607D3
11eyes CrossOver,465607D4
Memories Off 6: T-wave,465607D5
Memories Off 6: Next Relation,465607D6
Tayutama: Kiss on my Deity,465607D7
Steins;Gate,465607D8
W.L.O. Sekai Renai Kikou,465607DB
Chaos;Head Love Chu*Chu!,465607DC
Memories Off: Yubikiri no Kioku,465607DD
Phantom Breaker,465607DE
Bullet Soul,465607DF
Sharin no Kuni: Himawari no Shoujo,465607E1
Muv-Luv,465607E5
Muv-Luv Alternative,465607E7
Steins;Gate: Hiyoku Renri no Darling,465607E8
Dunamis 15,465607E9
Robotics;Notes,465607EC
Muv-Luv Alternative: Total Eclipse,465607F0
Phantom Breaker: Extra,465607F1
Steins;Gate: Senkei Kousoku no Phenogram,465607F3
Disorder 6,465607F4
Bullet Soul -Infinite Burst-,465607F6
Shutokou Battle X,474507D1
Kengo Zero,474507D2
Bass Pro Shops: The Strike,474907D1
Bass Pro Shops: The Hunt,474907D2
Hail to the Chimp,475007D2
Legendary,475007D3
Section 8,475007D4
Velvet Assassin,475007D5
WarTech: Senko no Ronde,475207D1
Mamoru-kun wa Norowarete Shimatta,475207F6
Senko no Ronde: DUO,475207F9
Deadliest Catch: Alaskan Storm,475707D1
Lucha Libre AAA: Heroes del Ring,475807D1
El Chavo Kart,475807D7
Rugby League Live,484507D1
AFL Live,484507D2
Jonah Lomu Rugby Challenge,484507D4
Rugby League Live 2,484507D5
AFL Live 2,484507D6
Jonah Lomu Rugby Challenge 2,484507D7
Don Bradman Cricket 14,484507D8
Rugby League Live 2: World Cup Edition,484507D9
The Conveni 200X,484D07D1
Bomberman: Act Zero,485507D1
Tengai Makyou Ziria: Haruka naru Jipang,485507D2
Momotarou Dentetsu 16 Gold,485507D3
Fuzion Frenzy 2,485507D4
Sports Island Freedom,485507DF
Spectral Force 3: Innocent Rage,494607D1
Diario: Rebirth Moon Legend,494607D2
Absolute: Blazing Infinity,494607D3
Apocalypse: Desire Next,494607D5
Agarest Senki: Reappearance,494607D6
Ore no Yome: Anata Dake no Hanayome,494607D8
Agarest Senki Zero: Dawn of War,494607D9
MajiTen: Maji de Tenshi wo Tsukutte Mita,494607DB
Alone in the Dark,494707D1
Test Drive Unlimited,494707D4
Bullet Witch,494707DB
Asterix at the Olympic Games,494707E1
My Horse & Me 2,494707E2
Race Pro,494707E4
The Chronicles of Riddick: Assault on Dark Athena,494707EE
Ghostbusters: The Video Game,494707F4
Qubed,494707FE
Backyard Football '10,49470803
Test Drive Unlimited 2,49470804
Backyard Sports: Sandlot Sluggers,49470806
Backyard Sports: Rookie Rush,4947080B
Official Xbox Magazine Demo Disc 60,494D07DD
Saints Row - Demo Disc,494D07E6
Official Xbox Magazine Demo Disc 66,494D07F0
Official Xbox Magazine Demo Disc 67,494D07F1
Official Xbox Magazine Demo Disc 68,494D07F2
Official Xbox Magazine Demo Disc 69,494D07F3
Official Xbox Magazine Demo Disc 71,494D07F5
Official Xbox Magazine Demo Disc 72,494D0800
Official Xbox Magazine Demo Disc 75,494D0803
Official Xbox Magazine Demo Disc 76,494D0805
Official Xbox Magazine Demo Disc 74,494D0806
Official Xbox Magazine Demo Disc 77,494D0807
Conan - Demo Disc,494D0812
Frontlines: Fuel of War - Demo Disc,494D0814
Official Xbox Magazine Demo Disc 89,494D0821
The Official Australian Xbox Magazine: Yearbook 2008,494D0834
Official Xbox Magazine Demo Disc 94,494D0855
Official Xbox Magazine Demo Disc 107,494D085F
Official Xbox Magazine Demo Disc 108,494D0860
Official Xbox Magazine Demo Disc 109,494D0861
Official Xbox Magazine Demo Disc 110,494D0862
Official Xbox Magazine Demo Disc 111,494D0863
Official Xbox Magazine Demo Disc 112,494D0864
Official Xbox Magazine Demo Disc 113,494D0865
Official Xbox Magazine Demo Disc 114,494D0866
Official Xbox Magazine Demo Disc 115,494D0867
Official Xbox Magazine Demo Disc 116,494D0868
Official Xbox Magazine Demo Disc 117,494D0869
El Shaddai: Ascension of the Metatron,494F07D1
Deadly Premonition,494F07D4
National Geographic Challenge!,494F07E8
Pro Evolution Soccer 2017,4A3007D1
Pro Evolution Soccer 2018,4A3007D3
Arcania: Gothic 4,4A5707D2
Sherlock Holmes Versus Jack the Ripper,4A5707D3
Sacred 2: Fallen Angel,4B4D07D1
Risen,4B4D07D8
Prison Break: The Conspiracy,4B4D07DE
Dead Island,4B4D07DF
Nail'd,4B4D07E0
The X Factor,4B4D07E2
Winter Stars,4B4D07E5
Risen 2: Dark Waters,4B4D07E6
Sacred 3,4B4D07E7
Ride to Hell: Retribution,4B4D07E9
Catherine,4B4D07EA
Summer Stars 2012,4B4D07EB
Dead Island: Riptide,4B4D07F2
Metro: Last Light,4B4D07F5
Saints Row IV,4B4D07F6
Saints Row IV,4B4D07F9
NASCAR '14,4B4D07FB
Risen 3: Titan Lords,4B4D07FD
Escape Dead Island,4B4D07FE
Saints Row: Gat out of Hell,4B4D0800
Rumble Roses XX,4B4E07D1
Hellboy: The Science of Evil,4B4E07D3
Pro Evolution Soccer 6,4B4E07DA
Dance Dance Revolution Universe,4B4E07DC
Winning Eleven X,4B4E07DE
Winning Eleven: Pro Evolution Soccer 2007,4B4E07DF
Rock Revolution,4B4E07E0
Karaoke Revolution Presents: American Idol Encore,4B4E07E2
Silent Hill: Homecoming,4B4E07E5
Pro Evolution Soccer 2008,4B4E07E6
Dance Dance Revolution Universe 2,4B4E07E7
Pro Evolution Soccer 2008,4B4E07E9
Otomedius Gorgeous,4B4E07EE
Dance Dance Revolution Universe 3,4B4E07EF
Pro Evolution Soccer 2009,4B4E07F0
Karaoke Revolution Presents: American Idol Encore 2,4B4E07F3
Rock Revolution,4B4E07F6
Pro Evolution Soccer 2009,4B4E07FA
Pro Evolution Soccer 2010,4B4E0801
Saw,4B4E0802
Karaoke Revolution,4B4E0803
Pro Evolution Soccer 2010,4B4E0805
Tornado Outbreak,4B4E0806
DanceDanceRevolution,4B4E0807
Castlevania: Lords of Shadow,4B4E0809
Metal Gear Rising: Revengeance,4B4E080A
World Soccer Winning Eleven 2010 (Unofficial DB Name),4B4E080D
N3II: Ninety-Nine Nights II,4B4E0810
Konami Classics: Volume 1,4B4E0812
Konami Classics: Volume 2,4B4E0813
Ninety-Nine Nights II (Unofficial DB Name),4B4E0815
N3II: Ninety-Nine Nights II,4B4E0816
Ninety-Nine Nights II,4B4E0818
Adrenalin Misfits,4B4E0819
Pro Evolution Soccer 2011,4B4E081D
Dance Evolution,4B4E081E
NeverDead,4B4E081F
Def Jam Rapstar,4B4E0820
Saw II: Flesh & Blood,4B4E0822
Silent Hill: Downpour,4B4E0823
Nurarihyon no Mago: Hyakki Ryouran Taisen,4B4E0826
Crossboard 7,4B4E082C
Pro Evolution Soccer 2012,4B4E0837
Blades of Time,4B4E0838
Birds of Steel,4B4E0839
Otomedius Excellent,4B4E083A
Metal Gear Solid HD Collection,4B4E083C
Karaoke Revolution: Glee - Volume 3,4B4E083F
Metal Gear Solid HD Collection,4B4E0840
Jimmie Johnson's Anything with an Engine,4B4E0841
Zone of the Enders HD Collection,4B4E0842
Silent Hill HD Collection,4B4E0845
Pro Evolution Soccer 2013,4B4E084C
Castlevania: Lords of Shadow 2,4B4E084D
Pro Evolution Soccer 2014,4B4E0856
Metal Gear Solid V: Ground Zeroes,4B4E085C
Metal Gear Solid V: The Phantom Pain,4B4E085E
Pro Evolution Soccer 2015,4B4E085F
Pro Evolution Soccer 2016,4B4E0861
Dynasty Warriors 5 Special (Shin Sangoku Musou 4 Special) (Unofficial DB Name),4B4F07D1
Dynasty Warriors 5: Empires,4B4F07D3
Samurai Warriors 2,4B4F07D5
Samurai Warriors 2 Empires,4B4F07D6
Fatal Inertia,4B4F07D7
Bladestorm: The Hundred Years' War,4B4F07D8
Warriors Orochi,4B4F07D9
Shin Sangoku Musou 5 (Dynasty Warriors 6),4B4F07DA
Dynasty Warriors 6,4B4F07E0
Dynasty Warriors 6,4B4F07E1
Warriors Orochi 2,4B4F07E3
Shin Sangoku Musou 5 (Dynasty Warriors 6) (Unofficial DB Name),4B4F07E4
Dynasty Warriors 6: Empires,4B4F07E7
Warriors: Legends of Troy,4B4F07F0
Nobunaga no Yabou: Tendou,4B4F07F9
Dynasty Warriors: Strikeforce,4B4F07FA
Fist of the North Star: Ken's Rage,4B4F07FE
Fist of the North Star: Ken's Rage 2,4B4F07FF
Radirgy Noa Massive,4B5107D3
Dynasty Warriors 7,4B5607D2
Ninja Gaiden 3,4B5607D4
Champion Jockey: G1 Jockey & Gallop Racer,4B5607D5
Champion Jockey: G1 Jockey & Gallop Racer,4B5607D7
Dead or Alive 5,4B5607DA
Warriors Orochi 3,4B5607DF
Yaiba: Ninja Gaiden Z,4B5607E2
Fist of the North Star: Ken's Rage 2,4B5607E3
Ninja Gaiden 3: Razor's Edge,4B5607E4
Dynasty Warriors 8,4B5607E5
Shin Sangoku Musou 7 (Dynasty Warriors 8) (Unofficial DB Name),4B5607E6
Dead or Alive 5 Ultimate,4B5607E8
Entaku no Seito: Students of Round,4B5807D1
Tsurugi no Machi no Ihoujin: Shiro no Oukyuu,4B5807D5
Tropico 3,4B5907D6
The First Templar,4B5907D8
DarkStar One: Broken Alliance,4B5907DA
Tropico 4,4B5907DC
Port Royale 3: Pirates & Merchants,4B5907DF
Air Conflicts: Secret Wars,4B5907E0
Omerta: City of Gangsters,4B5907E5
Dark,4B5907E6
Tropico 5,4B5907EA
LEGO Star Wars II: The Original Trilogy,4C4107D1
Star Wars: The Force Unleashed,4C4107D2
Fracture,4C4107D4
Thrillville: Off the Rails,4C4107D6
LEGO Star Wars: The Complete Saga,4C4107D7
LEGO Indiana Jones: The Original Adventures,4C4107DF
Star Wars: The Clone Wars - Republic Heroes,4C4107E2
LEGO Indiana Jones 2: The Adventure Continues,4C4107ED
Star Wars: The Force Unleashed II,4C4107F2
LEGO Star Wars III: The Clone Wars,4C4107F3
Monkey Island: Special Edition - Collection,4C4107F8
SBK 08: Superbike World Championship,4C5307D1
Superstars V8 Racing,4C5307D3
SBK 09: Superbike World Championship,4C5307D4
SBK X: Superbike World Championship,4C5307D7
Superstars V8 Next Challenge,4C5307D8
NatGeo Quiz! Wild Life,4C5307DB
WRC: FIA World Rally Championship,4C5307DD
Get Fit With Mel B,4C5307DE
SBK 2011: Superbike World Championship,4C5307E5
Let's Dance with Mel B,4C5307E7
WRC 2: FIA World Rally Championship,4C5307EB
MUD - FIM Motocross World Championship,4C5307EC
Kung-Fu High Impact,4C5307ED
SBK Generations,4C5307F1
WRC 3: FIA World Rally Championship,4C5307F3
BandFuse: Rock Legends,4D4607D3
Heavy Fire: Shattered Spear,4D4607D5
Night at the Museum: Battle of the Smithsonian,4D4A07D5
Greg Hastings Paintball 2,4D4A07D8
Attack of the Movies 3D,4D4A07D9
Zumba Fitness,4D4A07DA
Hulk Hogan's Main Event,4D4A07DD
Twister Mania,4D4A07E2
Harley Pasternak's Hollywood Workout,4D4A07E3
Alvin and the Chipmunks: Chipwrecked,4D4A07E4
Jillian Michaels' Fitness Adventure,4D4A07E5
Motion Explosion!,4D4A07E6
Zumba Fitness Rush,4D4A07E7
NBA Baller Beats,4D4A07E8
Zumba Fitness Core,4D4A07F0
Zumba Fitness World Party,4D4A07F4
Phineas and Ferb: Quest for Cool Stuff,4D4A07F5
Zumba Kids,4D4A07F6
PopCap Hits!,4D4B07D0
Alien Breed Trilogy,4D4B07D2
PopCap Hits! Vol. 2,4D4B07D3
Serious Sam HD: The First and Second Encounters,4D4B07D4
Carrier Command: Gaea Mission,4D4B07D6
Worms Collection,4D4B07D7
Worms: The Revolution Collection,4D4B07D9
The Serious Sam Collection,4D4B07DA
Raiden IV,4D4F07D1
Dance Paradise,4D5107D1
Project Gotham Racing 3,4D5307D1
Kameo: Elements of Power,4D5307D2
Perfect Dark Zero,4D5307D3
Everyparty (Every Party),4D5307D4
Gears of War,4D5307D5
Shadowrun,4D5307D6
Perfect Dark Zero - Limited Collector's Edition Bonus Disc,4D5307DA
N3: Ninety-Nine Nights,4D5307DB
Crackdown,4D5307DC
Too Human,4D5307DE
Blue Dragon,4D5307DF
Halo 3,4D5307E6
Mass Effect,4D5307E8
Forza Motorsport 2,4D5307EA
Banjo-Kazooie: Nuts & Bolts,4D5307ED
N3: Ninety Nine Nights Demo (Unofficial DB Name),4D5307EF
Every Party,4D5307F0
Fable II,4D5307F1
Viva Pinata,4D5307F2
Project Gotham Racing 4,4D5307F9
Lost Odyssey,4D5307FA
Xbox Live Arcade Unplugged: Volume 1,4D5307FC
Alan Wake,4D530805
Halo Wars,4D530808
Viva Pinata: Party Animals,4D530819
Mass Effect Bonus Disc,4D530820
Halo 3 Limited Edition Bonus Disc,4D530822
Mass Effect Bonus Disc,4D530827
Gears of War 2,4D53082D
Scene It? Lights Camera Action,4D530832
Wireless Racing Wheel Demo Disc,4D530834
Xbox Live Arcade Compilation Disc,4D530837
Xbox Live Arcade Compilation Disc,4D530843
Forza Motorsport 3,4D53084D
Halo: Reach,4D53085B
Viva Pinata: Trouble in Paradise,4D53085F
Scene It? Box Office Smash,4D530860
Forza Motorsport 2 - Platinum Hits Bonus Disc,4D530873
Gears Of War 2 Limited Collector's Edition Bonus Disc,4D530876
Halo 3: ODST,4D530877
Gears of War Platinum Hits Edition Bonus Disc,4D53087B
Fable II Collector's Edition Bonus Disc,4D53087E
Lips,4D530888
Banjo-Kazooie: Nuts & Bolts - Demo Disc,4D5308AA
Gears of War 3,4D5308AB
Kinectimals,4D5308B3
Mass Effect Platinum Hits Edition Bonus Disc,4D5308BB
Crackdown 2,4D5308BC
Kinect Sports,4D5308C9
Gears Of War 2 Limited Collector's Edition Bonus Disc,4D5308D4
Fable III,4D5308D6
Xbox Live Arcade Game Pack,4D5308DC
Alan Wake Limited Collector's Edition Bonus Disc,4D5308DE
Kinect Adventures,4D5308ED
Kinect Star Wars,4D53090E
Nike+ Kinect Training,4D53090F
Forza Motorsport 4,4D530910
Halo 4,4D530919
Kinect Joy Ride,4D53093B
Halo: Combat Evolved Anniversary,4D5309B1
Kinect Rush: A Disney Pixar Adventure,4D5309B6
Kinect Disneyland Adventures,4D5309C1
Xbox Live Arcade Triple Pack - Limbo / Trials HD / 'Splosion Man,4D5309C5
Forza Horizon,4D5309C9
Kinect Nat Geo TV,4D5309CD
Kinect Sports: Season Two,4D5309D6
Kinect Sesame Street TV,4D5309DA
The Gunstringer,4D5309DF
Kinect Rush: A Disney Pixar Adventure - Game Demos: Just for Fun!,4D530A0C
Fable: The Journey,4D530A1A
Kinect Star Wars - Game Demos: Just for Fun!,4D530A1C
Gears of War: Judgment,4D530A26
Minecraft,4D530A81
Fable Anniversary,4D530A87
World of Tanks: Xbox 360 Edition,4D530A8C
Zoo Tycoon,4D530A95
Forza Horizon 2,4D530AA4
Screamride,4D530AA6
Deadly Premonition,4D5607D1
Stranglehold,4D5707D2
Blitz: The League,4D5707D4
Wheelman,4D5707D6
BlackSite: Area 51,4D5707D7
Hour of Victory,4D5707D9
NBA Ballers: Chosen One,4D5707DA
Unreal Tournament III,4D5707DB
TNA iMPACT!,4D5707DF
Stranglehold,4D5707E5
Blitz: The League II,4D5707E8
Mortal Kombat vs. DC Universe,4D5707E9
Damage Inc.: Pacific Squadron WWII,4D5907D3
Ace Combat 6: Fires of Liberation,4E4D07D1
Ridge Racer 6,4E4D07D3
Love Football,4E4D07D6
Afro Samurai,4E4D07D8
Beautiful Katamari,4E4D07DC
Warhammer: Battle March,4E4D07DF
SoulCalibur IV,4E4D07E0
Eternal Sonata,4E4D07E2
Eternal Sonata,4E4D07E4
Dynasty Warriors: Gundam,4E4D07E5
Tales of Vesperia,4E4D07E9
THE iDOLM@STER: Live For You! (The Idolmaster: Live for You!),4E4D07EA
Smash Court Tennis 3,4E4D07ED
Splatterhouse,4E4D07F0
Enslaved: Odyssey to the West,4E4D07F1
Namco Museum: Virtual Arcade,4E4D07F3
Dead to Rights: Retribution,4E4D07F5
Tekken 6,4E4D07FC
Dynasty Warriors: Gundam 2,4E4D0800
Inversion,4E4D0801
Dragon Ball: Raging Blast,4E4D0803
Tales of Vesperia,4E4D0805
MagnaCarta 2,4E4D080A
MagnaCarta II,4E4D080B
MagnaCarta II,4E4D080C
Majin and the Forsaken Kingdom,4E4D0816
Naruto Shippuden: Ultimate Ninja Storm 2,4E4D0819
Clash of the Titans,4E4D081B
Ace Combat: Assault Horizon,4E4D081C
Knights Contract,4E4D0821
Dragon Ball: Raging Blast 2,4E4D0826
Body and Brain Connection A.K.A. Dr. Kawashima's Body and Brain Exercises,4E4D0827
Dynasty Warriors: Gundam 3,4E4D0834
Dark Souls,4E4D083A
SoulCalibur V,4E4D083D
Ridge Racer Unbounded,4E4D083E
Naruto Shippuden: Ultimate Ninja Storm Generations,4E4D0842
Dragon Ball Z: Ultimate Tenkaichi,4E4D0846
Power Rangers Super Samurai,4E4D0848
Dragon Ball Z for Kinect,4E4D084E
Armored Core V,4E4D084F
Armored Core V,4E4D0853
Armored Core V,4E4D0854
The Witcher 2: Assassins of Kings - Enhanced Edition,4E4D0855
Dragon Ball Z: Budokai HD Collection,4E4D0856
Tekken Tag Tournament 2,4E4D0859
Star Trek,4E4D085B
Naruto Shippuden: Ultimate Ninja Storm 3,4E4D085C
Dragon Ball Z: Battle of Z,4E4D0860
Dragon Ball: XenoVerse,4E4D0862
Armored Core: Verdict Day,4E4D0864
Pac-Man and the Ghostly Adventures,4E4D0865
Naruto Shippuden: Ultimate Ninja Storm Revolution,4E4D0868
Digimon All-Star Rumble,4E4D0869
Pac-Man and the Ghostly Adventures 2,4E4D086A
Sakura Flamingo Archives,4E5107D2
PDC World Championship Darts: Pro Tour,4F4707D1
Everyone Sing,4F4707D4
Cartoon Network: Punch Time Explosion XL,4F4707D7
NASCAR '15,4F4807D1
PDC World Championship Darts 2008,4F5807D1
Fairytale Fights,504307D1
Infernal: Hell's Vengeance,504307D4
PopCap Arcade Vol. 1,504707D1
PopCap Arcade Vol. 2,504707D4
Plants vs. Zombies / Peggle / Zuma,504707D8
Pia Carrot e Youkoso!! 4: Natsu no Koikatsu,504807D1
Clannad,505407D1
Time Leap,505407D2
Tomoyo After: It's a Wonderful Life - CS Edition,505407D5
MotoGP 13,513107D1
MXGP: The Official Motocross Videogame,513107D4
MotoGP 14,513107D5
Ride,513107D8
MotoGP 15,513107D9
Kick-Ass 2,515007D1
BloodBath,515007D3
Eschatos,515507D1
Ginga Force,515507D2
Deadliest Warrior: Ancient Combat,523207D7
Janline,524307D1
Cobra 11: Crash Time,524C07D1
Winter Sports 2009,524C07D2
Crash Time II,524C07D6
Winter Sports 2010: The Great Tournament,524C07D8
Crash Time III,524C07D9
Summer Challenge: Athletics Tournament,524C07DE
Caladrius,533007D0
Conflict: Denied Ops,534307D3
Tomb Raider Legend,534307D4
Just Cause,534307D5
Championship Manager 2007,534307D7
Battlestations: Midway,534307D9
Hitman: Blood Money,534307DB
Kane & Lynch: Dead Men,534307E0
Bionicle Heroes,534307E2
Mini Ninjas,534307E4
ShellShock 2: Blood Trails,534307E5
Just Cause 2,534307E7
Battlestations: Pacific,534307E9
Lara Croft Tomb Raider: Anniversary,534307EA
Tomb Raider Underworld,534307EC
Conflict: Denied Ops,534307EF
Batman: Arkham Asylum,534307F6
Kane & Lynch 2: Dog Days,534307F8
Batman: Arkham Asylum - Game of the Year Edition,5343080B
Kane & Lynch: Dead Men,534407F6
Double Clutch,534407F7
Way of the Samurai 3,534407FC
Metro 2033,53440800
Dead Island - Zombie of the Year Edition,53440803
Football Manager 2006,534507D1
Condemned: Criminal Origins,534507D2
Chromehounds,534507D4
Full Auto,534507D5
Sonic the Hedgehog,534507D6
The Club,534507DD
World Snooker Championship 2007,534507DF
Viking: Battle for Asgard,534507E0
Virtua Tennis 3,534507E1
Phantasy Star Universe,534507E3
Golden Axe: Beast Rider,534507E5
SEGA Rally Revo,534507E6
Football Manager 2007,534507E7
The Golden Compass,534507ED
Virtua Fighter 5,534507EE
Condemned 2: Bloodshot,534507EF
Universe at War: Earth Assault,534507F0
The Incredible Hulk,534507F1
Iron Man,534507F2
Beijing 2008,534507F4
SEGA Superstars Tennis,534507F5
Football Manager 2008,534507F7
Stormrise,53450806
Aliens: Colonial Marines,5345080C
Alpha Protocol,5345080E
Sonic's Ultimate Genesis Collection,53450810
Sonic Unleashed,53450812
Bayonetta,53450813
Virtua Tennis 2009,53450814
Sonic & SEGA All-Stars Racing with Banjo-Kazooie,53450815
Vancouver 2010: The Official Videogame of the Winter Olympic Games,5345081A
Sega Mega Drive Ultimate Collection,53450825
Aliens vs. Predator,5345082A
Planet 51,5345082B
Iron Man 2,53450836
Resonance of Fate,53450839
Anarchy Reigns,5345083F
Vanquish,53450841
London 2012: The Official Video Game of the Olympic Games,53450843
Thor: God of Thunder,53450845
Rise of Nightmares,53450846
Sonic Generations,53450848
Cyber Troopers Virtual-On Force,5345084C
Sonic Free Riders,5345084D
Virtua Tennis 4,53450857
Captain America: Super Soldier,53450858
Dreamcast Collection,5345085A
Binary Domain,5345085C
Sonic & All-Stars Racing Transformed,5345085D
Alien: Isolation,5345085E
Williams Pinball Classics,534A07D1
The King of Fighters XII,534E07D2
Samurai Shodown: Sen,534E07D5
The King of Fighters XIII,534E07DC
Monster Madness: Battle for Suburbia,535007D1
Two Worlds,535007D4
X-Blades,535007DF
X-Blades,535007E5
Velvet Assassin,535007E8
Official Xbox Magazine Demo Disc 54e,535107D2
Project Sylpheed: Arc of Deception,535107D4
Final Fantasy XI,535107D5
The Last Remnant,535107DA
Infinite Undiscovery,535107DB
Star Ocean: The Last Hope,535107DD
Supreme Commander 2,535107E3
Final Fantasy XIII,535107E4
Nier,535107E8
Front Mission Evolved,535107E9
NieR Gestalt,535107ED
Batman: Arkham Asylum,535107EF
Mindjack,535107F1
Just Cause 2,535107F3
Dungeon Siege III,535107F5
Deus Ex: Human Revolution,535107FA
Tomb Raider,53510802
Thief,53510803
Hitman: Absolution,53510804
Final Fantasy XIII-2,53510806
Sleeping Dogs,53510811
Sleeping Dogs,53510819
Lightning Returns: Final Fantasy XIII,5351081B
Hitman HD Trilogy  - Hitman 2: Silent Assassin / Hitman: Contracts,5351081C
Murdered: Soul Suspect,5351081E
Rise of the Tomb Raider,53510823
SuperStar Karaoke,535407D1
Operation Darkness,535507D1
Raiden Fighters Aces,535507D4
The History Channel: Great Battles - Medieval,535607D1
History - Legends of War: Patton,535607D7
Memories Off: Yubikiri no Kioku,535807D1
Moe Moe 2-Ji Daisenryaku Ultra Deluxe,535907D1
Sengoku Hime 2: Senran no Yo Gunyuu Arashi no Gotoku,535907D2
Shiei no Sona-Nyl Refrain: What a Beautiful Memories,543407D1
Dead or Alive 4,544307D1
Dead or Alive Xtreme 2,544307D2
Ninja Gaiden II,544307D5
Quantum Theory,544307DC
Shooting Love 200X,544707D1
Over G Fighters,544907D1
Zoids Infinity EX Neo,544F07D1
Zoids Alternative,544F07D2
Saints Row,545107D1
The Outfit,545107D2
MotoGP '06,545107D4
Juiced 2: Hot Import Nights,545107D5
Tetris Evolution,545107D7
Frontlines: Fuel of War,545107D8
Conan,545107DA
MX vs. ATV Untamed,545107DE
WWE SmackDown vs. Raw 2007,545107E0
Avatar: The Last Airbender - The Burning Earth,545107E1
Darksiders,545107E6
Cars,545107EA
Saints Row,545107ED
Baja: Edge of Control,545107EF
Ratatouille,545107F1
Stuntman: Ignition,545107F4
MotoGP '07,545107F6
Saints Row 2,545107FC
Destroy All Humans! Path of the Furon,545107FE
Cars: Mater-National,54510801
WWE SmackDown vs. Raw 2008,5451080B
Red Faction: Guerrilla,5451080D
Conan,54510821
WALL-E,54510824
WWE SmackDown vs. Raw 2009,54510826
MX vs. ATV Reflex,54510829
UFC 2009 Undisputed,5451082A
Warhammer 40000: Space Marine,5451082C
WALL-E (Unofficial DB Name),54510830
World of Outlaws: Sprint Cars,54510835
Saints Row 2,54510836
WWE Legends of Wrestlemania,54510838
Up,54510839
50 Cent: Blood on the Sand,5451083B
Are You Smarter Than A 5th Grader? Game Time,54510840
Metro 2033,54510842
WWE SmackDown vs. Raw 2010,54510844
Homefront,54510846
Cars: Race-O-Rama,54510848
SpongeBob's Truth or Square,54510850
UFC Undisputed 2010,54510851
50 Cent: Blood on the Sand,54510852
The Biggest Loser: Ultimate Workout,54510859
UFC Personal Trainer: The Ultimate Fitness System,5451085B
Megamind: Ultimate Showdown,5451085C
WWE SmackDown vs. Raw 2011,5451085D
Fantastic Pets,5451085E
Red Faction: Armageddon,5451085F
Marvel Super Hero Squad: The Infinity Gauntlet,54510860
Truth or Lies,54510864
de Blob 2,54510865
WWE All Stars,54510866
You Don't Know Jack,54510869
Deepak Chopra's Leela,5451086B
Saints Row: The Third,5451086D
The Penguins of Madagascar: Dr. Blowhole Returns - Again!,54510873
Kung Fu Panda 2,54510874
Rio,54510875
MX vs. ATV Alive,5451087B
UFC Undisputed 3,5451087D
Puss in Boots,5451088B
Dance Paradise,5451088C
WWE '12,54510890
Darksiders II,54510896
uDraw Studio: Instant Artist,54510899
Marvel Super Hero Squad: Comic Combat,5451089B
Pictionary: Ultimate Edition,5451089C
SpongeBob's Surf & Skate Roadtrip,5451089D
Saints Row: The Third,545108A5
Jeopardy!,545108AE
Wheel of Fortune,545108AF
WWE '13,545108B4
College Hoops 2K6,545407D2
Major League Baseball 2K6,545407D3
Amped 3,545407D4
Top Spin 2,545407D5
BioShock,545407D8
Don King Presents: Prizefighter,545407DC
The Bureau: XCOM Declassified,545407DD
Rockstar Games Presents Table Tennis,545407DF
Prey,545407E0
NBA 2K6,545407E2
NHL 2K6,545407E3
The Bigs,545407E4
Sid Meier's Civilization Revolution,545407E5
Mafia II,545407E6
Borderlands,545407E7
NHL 2K7,545407EB
The Darkness,545407EE
NBA 2K7,545407EF
College Hoops 2K7,545407F1
Grand Theft Auto IV,545407F2
Midnight Club: Los Angeles,545407F8
Major League Baseball 2K7,545407FA
Fantastic Four: Rise of the Silver Surfer,545407FD
Top Spin 3,545407FF
The Darkness,54540804
All-Pro Football 2K8,54540807
NHL 2K8,54540809
NBA 2K8,5454080C
BioShock,5454080E
Major League Baseball 2K8,54540817
College Hoops 2K8,54540818
Bully: Scholarship Edition,5454081A
BioShock,5454081F
Bioshock,54540822
NBA 2K8,54540823
NBA 2K9,54540829
The Darkness,5454082A
Red Dead Redemption,5454082B
NHL 2K9,5454082E
MLB Front Office Manager,5454082F
The Bigs 2,54540830
Major League Baseball 2K9,54540842
Spec Ops: The Line,54540843
Sid Meier's Civilization Revolution,54540845
Duke Nukem Forever,5454084E
NBA 2K10,54540852
NHL 2K10,54540853
Major League Baseball 2K10,54540855
Top Spin 4,54540859
BioShock Infinite,5454085D
BioShock 2,54540861
BioShock 2,54540865
Borderlands,54540866
BioShock 2,54540867
Max Payne 3,5454086B
L.A. Noire,5454086C
Borderlands: Double Game Add-On Pack,5454086D
NBA 2K11,5454087A
Borderlands 2,5454087C
Mafia II,5454087D
Mafia II,5454087E
XCOM: Enemy Unknown,54540882
Nicktoons MLB,54540883
The Darkness II,5454088D
Major League Baseball 2K11,5454088E
Borderlands - Game of the Year Edition,5454088F
Carnival Games: Monkey See Monkey Do,54540890
NBA 2K12,54540894
Nickelodeon Dance,54540895
Carnival Games: Monkey See Monkey Do,54540897
Let's Cheer,54540899
Major League Baseball 2K12,5454089E
NBA 2K13,545408A2
Nickelodeon Dance 2,545408A5
Grand Theft Auto V,545408A7
Major League Baseball 2K13,545408AB
Borderlands 2: Add-On Content Pack,545408AD
XCOM: Enemy Within,545408AE
NBA 2K14,545408B0
WWE 2K14,545408B2
Borderlands 2 - Game of the Year Edition,545408B3
Borderlands: The Pre-Sequel,545408B4
NBA 2K15,545408B5
WWE 2K15,545408B6
BioShock Infinite: The Complete Edition,545408B7
Grand Theft Auto: San Andreas,545408B8
Tales from the Borderlands: A Telltale Games Series,545408B9
WWE 2K17,545408BA
NBA 2K17,545408BD
NBA 2K18,545408C0
Dance Central,545607D3
Defiance,545907D1
DeathSmiles,545A07D1
DoDonPachi Resurrection - Deluxe Edition,545A07D2
Akai Katana,545A07D3
Under Defeat HD: Deluxe Edition,545A07D4
Carrier Command: Gaea Mission,545A07D5
Root Double: Before Crime * After Days,553107D1
Way of the Samurai 3,554F07D3
Rock of the Dead,554F07D4
Peter Jackson's King Kong,555307D3
Assassin's Creed,555307D4
Tom Clancy's Ghost Recon Advanced Warfighter,555307D5
Tom Clancy's Rainbow Six: Vegas,555307D6
Tom Clancy's Splinter Cell: Double Agent,555307D7
Blazing Angels: Squadrons of WWII,555307DB
Far Cry Instincts Predator,555307DC
Tom Clancy's EndWar,555307E0
Naruto: Rise of a Ninja,555307E5
Enchanted Arms,555307E6
Open Season,555307E8
Brothers in Arms: Hell's Highway,555307EA
Import Tuner Challenge,555307EE
Tom Clancy's Ghost Recon Advanced Warfighter 2,555307F0
Rayman Raving Rabbids,555307F3
R.U.S.E.,555307F6
TMNT (Teenage Mutant Ninja Turtles),555307F8
Surf's Up,555307F9
Call of Juarez,555307FA
Pure Football,555307FB
Blazing Angels 2: Secret Missions of WWII,555307FE
Beowulf: The Game,55530801
Dark Messiah of Might and Magic: Elements,55530804
Tom Clancy's Rainbow Six: Vegas 2,55530807
America's Army: True Soldiers,55530808
CSI: Crime Scene Investigation: Hard Evidence,55530809
Tom Clancy's Splinter Cell: Conviction,5553080B
Prince of Persia,5553080C
Lost: Via Domus,5553080F
Far Cry 2,55530810
Tom Clancy's H.A.W.X.,55530816
Tom Clancy's Ghost Recon Advanced Warfighter 2 - Legacy Edition Bonus Disc,5553081B
Call of Juarez: Bound in Blood,5553081C
Shaun White Snowboarding,5553081E
Naruto: The Broken Bond,55530825
Brothers in Arms: Hell's Highway,55530828
Shaun White Skateboarding,5553082F
Tom Clancy's Ghost Recon: Future Soldier,55530833
Cloudy with a Chance of Meatballs,55530836
Assassin's Creed II,5553083B
James Cameron's Avatar: The Game,5553083C
Prince of Persia: The Forgotten Sands,5553083E
CSI: Crime Scene Investigation: Deadly Intent,5553083F
Heroes Over Europe,55530841
Tom Clancy's H.A.W.X. 2,55530848
CSI: Crime Scene Investigation: Fatal Conspiracy,55530849
Child of Eden,5553084C
Fighters Uncaged,5553084E
Your Shape: Fitness Evolved,5553084F
MotionSports,55530850
Michael Jackson: The Experience,55530851
Assassin's Creed: Brotherhood,5553085D
PowerUp Heroes,5553086B
Your Shape: Fitness Evolved,5553086D
The Adventures of Tintin,55530871
Rocksmith,55530873
Call of Juarez: The Cartel,55530874
Just Dance Kids 2,55530877
Assassin's Creed: Revelations,55530879
Driver: San Francisco,5553087E
Family Feud: 2012 Edition,5553087F
The Price Is Right: Decades,55530880
NCIS,55530881
Raving Rabbids: Alive & Kicking,55530882
Who Wants to Be a Millionaire?,55530883
Rayman Origins,55530884
Hole in the Wall: Deluxe Edition,55530885
Your Shape: Fitness Evolved 2012,55530886
MotionSports: Adrenaline,55530887
Just Dance 3,55530888
Self-Defense Training Camp,55530889
Far Cry 3,5553088C
The Black Eyed Peas Experience,5553088D
Just Dance Kids,55530890
Ubisoft Triple Pack - Beyond Good & Evil HD / From Dust / Outland,555308AC
Marvel Avengers: Battle for Earth,555308AD
Assassin's Creed III,555308AE
Just Dance: Greatest Hits,555308B2
Just Dance: Disney Party,555308B3
The Hip Hop Dance Experience,555308B4
Just Dance 4,555308B5
Tom Clancy's Splinter Cell: Blacklist,555308B6
Watch_Dogs,555308B7
The Smurfs 2,555308BD
Rocksmith 2014,555308C0
Just Dance 2014,555308C1
Assassin's Creed IV: Black Flag,555308C2
Rayman Legends,555308C3
South Park: The Stick of Truth,555308C5
Just Dance Kids 2014,555308C7
Far Cry 4,555308CA
The Crew,555308CB
Just Dance: Disney Party 2,555308CC
Just Dance 2015,555308CD
Assassin's Creed Rogue,555308CE
Far Cry 3: Blood Dragon,555308CF
Rabbids Invasion: The Interactive TV Show,555308D0
Just Dance 2016,555308D3
Just Dance 2017,555308D5
Just Dance 2018,555308D7
Just Dance 2019,555308D9
Country Dance All Stars,563307D1
Ski-Doo Snowmobile Challenge,564707D1
Raiden Fighters Aces,564707D3
Darkest of Days,564707D4
Let's Dance,565107D6
History - Legends of War: Patton,565107D7
Worms Collection,565107D8
The Serious Sam Collection,565107DA
Robert Ludlum's The Bourne Conspiracy,565507D4
Eragon,565507D8
F.E.A.R.,565507D9
TimeShift,565507DA
Eragon,565507E0
Crash of the Titans,565507E4
The Spiderwick Chronicles,565507E6
F.E.A.R. Files,565507E8
The Legend of Spyro: Dawn of the Dragon,565507F9
Crash Bandicoot: Mind over Mutant,565507FA
Lollipop Chainsaw,565707D0
Meikyuu Cross Blood: Reloaded,565707D4
Killer Is Dead,565707D6
Snipers,573607D2
Hunter's Trophy 2: Europa,573607D5
My Body Coach 3,573607D7
Obut PÃ©tanque 2,573607D8
IHF Handball Challenge 14,573607D9
Truck Racer,573607DB
WRC 4: FIA World Rally Championship,573607DD
Rugby 15,573607DF
Motorcycle Club,573607E0
WRC 5: FIA World Rally Championship,573607E2
Rugby World Cup 2015,573607E3
The Witcher 2: Assassins of Kings - Enhanced Edition,574607D2
Dead Island: Riptide,574607D5
Looney Tunes: Acme Arsenal,575207D2
F.E.A.R. 2: Project Origin,575207D3
Looney Tunes: Acme Arsenal,575207D5
LEGO Batman: The Videogame,575207D7
Wanted: Weapons of Fate,575207DA
LEGO Batman: The Videogame,575207DE
LEGO Harry Potter: Years 1-4,575207E6
Wanted: Weapons of Fate,575207E7
Green Lantern: Rise of the Manhunters,575207E9
Watchmen: The End is Nigh - Parts 1 & 2,575207EA
The Lord of the Rings: War in the North,575207EF
LEGO Rock Band,575207F0
Legend of the Guardians: The Owls of Ga'Hoole,575207F1
Where the Wild Things Are,575207F2
Scene It? Bright Lights! Big Screen!,575207F5
Scene It? Bright Lights! Big Screen!,575207F7
Scene It? Bright Lights! Big Screen!,575207F8
Scene It? Bright Lights! Big Screen!,575207F9
Scene It? LumiÃ¨res! Action!,575207FA
Mortal Kombat,575207FD
F.E.A.R. 3,57520800
Game Party: In Motion,57520801
Batman: Arkham City,57520802
Sesame Street: Once Upon a Monster,5752080C
Happy Feet Two,5752080D
LEGO Harry Potter: Years 5-7,57520812
LEGO Batman 2: DC Super Heroes,57520817
LEGO The Lord of the Rings,5752081D
The Witcher 2: Assassins of Kings - Enhanced Edition,57520824
Harry Potter for Kinect,57520826
Batman: Arkham Origins,57520828
Injustice: Gods Among Us,57520829
Middle-earth: Shadow of Mordor,5752082C
Midway Arcade Origins,5752082F
LEGO Marvel Super Heroes,57520835
Hot Wheels: World's Best Driver,57520838
The LEGO Movie Videogame,57520841
LEGO The Hobbit,57520844
LEGO Batman 3: Beyond Gotham,57520845
LEGO Dimensions,5752084B
LEGO Jurassic World,5752084D
LEGO Marvel's Avengers,5752084F
Lego Star Wars: The Force Awakens,57520851
Cars 3: Driven to Win,57520855
Xbox 360 Hard Drive Transfer Disc,584907D1
The Experience Disc Version 1.0,584B07E1
The Experience Disc Version 1.4,584B07E2
The Experience Disc Version 1.5,584B07E9
The Experience Disc Version 1.5 v3,584B07EC
The Experience Disc Version 1.6,584B07EF
Store Demo Disc for Xbox 360: July 2006 Issue,584B07F3
The Experience Disc Version 2.1,584B07FB
The Experience Disc Version 2.2,584B07FE
The Experience Disc Version 2.4,584B0808
The Experience Disc Version 3.4,584B0817
Store Demo Disc for Xbox 360: May 2008 Issue,584B0822
The Experience Disc Version 6.6,584B0838
Family Games Demo Disc,584B083A
Xbox Experience Demo V7.5,584B083B
Store Demo Disc for Xbox 360: Feburary 2009 Issue,584B0840
The Experience Disc Version 5.2,584B0846
The Experience Disc Version 5.3,584B0848
The Experience Disc Version 5.4,584B0849
The Experience Disc Version 5.5,584B084B
Wrestle Kingdom,594B07D1
Yoostar 2,594F07D1
Yoostar on MTV,594F07D7
Battle vs. Chess,5A4507D1
Two Worlds II,5A4507DA
Iron Sky: Invasion,5A4507E0
Power Gig: Rise of the SixString,5A4607D1
Rambo: The Video Game,5A4907D1
Minute to Win It,5A5007D1
0 day Attack on Earth,584109B7
0D Beat Drop,584109A8
10 Frame Bowling,584112AF
1942: Joint Strike,584108AA
3 on 3 NHL Arcade,58410975
3 Point Contest,584112B6
3D Ultra Minigolf,58410841
5th Grader,58410900
A Kingdom for Keflings,584108DB
A World of Keflings,584109DB
A.R.E.S.,584113ED
Abyss Odyssey,58411427
Aces of the Galaxy,58410886
Adventures of Shuggy,58410A5C
Age of Booty,584108F0
Air Band,5848081B
AirMech Arena,58411426
Alan Wake's American Nightmare,58411233
Alien Breed 2: Assault,58410A22
Alien Breed 3: Descent,58410AA3
Alien Breed Episode 1,58410964
Alien Hominid HD,58410846
Alien Rage,58410B22
Alien Spidy,58411222
Altered Beast,584109A2
American Mensa Academy,58411230
AMY,58411220
Ancients of Ooga,5841095E
Anna - Extended Edition,584113DC
Anomaly Warzone Earth,58411219
Apples to Apples,58410B47
Aqua,584109C5
Arkadian Warriors,58410807
Arkanoid Live!,58410991
Assassin's Creed Liberation HD,584113FC
Assault Heroes,584107FE
Assault Heroes 2,584108C3
Asteroids & Deluxe,5841084E
Astropop,584107F2
Avatar Kinect,5848081A
Avatar Toy Armory,444D07D3
Awesomenauts,58410B5A
Axel & Pixel,5841092D
Babel Rising,58410B95
Backbreaker Vengeance,58410B39
Band of Bugs,5841082F
Bang Bang Racing,58410B4A
Bangai-O HD,58410AF2
Banjo-Kazooie,58410954
Banjo-Tooie,58410955
Bankshot Billiards 2,584107EC
Bastion,58410B66
Battle Academy,58411434
Battle Stuff,58480818
Battle: Los Angeles,58410B42
BattleBlock Theater,58410A30
Battlefield 1943,5841097E
Battlezone,58410850
Beat'n Groovy,5841087E
Bejeweled 2,584107D2
Bejeweled 3,584111D6
Bejeweled Blitz LIVE,58410A57
Bellator: MMA Onslaught,58411203
Beyond Good & Evil HD,58410AFA
Bionic Commando Rearmed 2,584109DE
Bionic Commando Rearmed,584108F1
Black Knight Sword,5841123B
Blackgate Deluxe Edition,58411441
Blacklight: Tango Down,58410A5B
Blade Kitten,58410A86
Blazing Birds,58410909
Bliss Island,5841086C
Blood Knights,584112C3
Blood of the Werewolf,5841142E
Bloodforge,58410B7A
BloodRayne: Betrayal,58410ACB
Bloody Good Time,584109B3
Bobble Head,58480813
Bomberman Live: Battlefest,584109B2
Bomberman Live,5841083F
Boogie Bunnies,584108D3
Boom Boom Rocket,5841086A
Boxing Fight,584112B4
Braid,584108CE
Brain Challenge,584108AE
Brothers,584112A5
Bubble Bobble Neo!,584109B0
Build A Buddy,58480812
Buku Sudoku,58410820
Burnout Crash!,58410B5D
Call of Duty Classic,58410957
Call of Juarez: Gunslinger,584112B0
Capcom Arcade Cabinet,58411259
Capsized,584113F0
Carcassonne,58410840
Castle Crashers,584108B7
Castle of Illusion Starring Mickey Mouse,584112C7
CastleStorm,5841129A
Castlevania HD,58410A7A
Castlevania: Lord of Shadow - Mirror of Fate HD,58411408
Castlevania: Symphony of the Night,58410847
CellFactor: Psychokinetic Wars,58410921
Centipede & Millipede,5841084C
Charlie Murder,58410B83
Chessmaster Live,58410866
Child of Light,5841140D
Chime,58410A16
Chivalry,58411451
Choplifter HD,58411232
Cloning Clyde,584107E7
Cloudberry Kingdom,584113C8
Cobalt,58411448
Coffeetime Crosswords,5841087D
Collector's Edition,41560928
Comic Jumper,58410A20
Comix Zone,584109A1
Commander's Challenge,584109BF
Commanders: Attack,58410821
Constant C,58411421
Contra,58410818
Contrast,5841141A
Costume Quest,58410A79
Costume Quest 2,58411452
Counter-Strike: GO,5841125A
Crazy Machines Elements,58410AF7
Crazy Taxi,58410A34
CrazyMouse,5841089B
Crimson Alliance,58410983
Crimson Dragon,58410B14
Crysis,45410968
Crystal Defenders,58410989
Crystal Quest,584107EE
Dance! It's your Stage,58410A38
Darkstalkers Resurrection,5841122F
Darts Vs Zombies,584112AC
Darwinia+,58410822
Daytona USA,58410B1D
Dead Block,58410B48
Dead Rising 2: Case West,58410B00
Dead Rising 2: Case Zero,58410A8D
Dead Space Ignition,58410A7B
Deadliest Warrior,58410A69
Deadliest Warrior: Battlegrounds,58411490
Deadliest Warrior: Legends,58410B5C
Deadlight,58410B8D
Death by Cube,584109C7
Death Tank,58410910
DeathSpank,58410A6F
DeathSpank: The Baconing,584111E5
DeathSpank: Thongs of Virtue,58410A8B
Deep Black - Episode 1,584111E2
Defenders of Ardania,58410B37
Defense Grid,584108CB
Defense Technica,58411279
Destiny Demo,4156091C
Diabolical Pitch,58410B3C
DIG DUG,58410836
Discs Of Tron,5841088F
Dogfight 1942,58411265
Dollar Dash,58411283
Domino Master,58410899
Doodle Jump for Kinect,584113F6
DOOM,58410824
DOOM II,584109B6
Doritos Crash Course,58410A71
Double D Dodgeball,584108EF
Double Dragon II,5841128D
Double Dragon Neon,58411252
Double Fine Happy Action Theater,584111F3
Dragon's Lair,58410B8A
Droplitz,584109BB
DuckTales: Remastered,584113C6
Duke Nukem - Manhattan,58410A37
Duke Nukem 3D,58410901
Dungeon Defenders,58410B6D
Dungeon Fighter LIVE: Fall Of Hendon Myre,58410B7F
Dungeons & Dragons: Chronicles of Mystara,584113C3
Dungeons & Dragons: Daggerdale,58410AA2
Dust: An Elysian Tail,58410A67
Dustforce,584113BD
E4 (Every Extend Extra Extreme),58410872
Earthworm Jim HD,584109E2
Ecco the Dolphin,58410876
Eets: Chowdown,58410825
ElementsOfDestruction,58410867
EnclevermentExperiment,58410907
EXIT,584108A7
EXIT2,58410990
Fable Heroes,58410B86
Fable II Pub Games,5841091D
Fable Trilogy,4D530AA2
Faery: Legends of Avalon,58410A77
Family Game Night,58410981
Far Cry 3 Blood Dragon,584113BF
Far Cry Classic,5841123E
Fatal Fury Special,5841083A
Feeding Frenzy,584107F1
Feeding Frenzy 2,5841088C
Fez,584109C0
Field Goal Contest,584112B1
Fighting Vipers,5841129D
Final Exam,584113F3
Final Fight: DblImpact,584109DD
Fire Pro Wrestling,58410A82
Fireburst,584113F8
Flashback,584113FE
Flock!,58410939
Forgotten Wars,58411443
Forza Horizon 2 Presents Fast & Furious,4D530AB5
Foul Play,58411409
Freefall Racers,58411407
Fret Nice,584109D6
Frogger,58410813
Frogger 2,5841087C
Frogger: Hyper Arcade Edition,584111F9
From Dust,58410A91
Frozen Free Fall: Snowball Fight,5841149C
Fruit Ninja Kinect,58410B79
Full House Poker,5841098D
FunTown Mahjong,58410932
Fusion: Genesis,58410A6B
Galaga,58410812
Galaga Legions,584108BB
Galaga Legions DX,58410AF9
Game of Thrones,58411488
Game Room,4D530901
Garou: Mark of the Wolves,58410971
Gatling Gears,58410B32
Gel,58410908
Geometry Wars 3: Dimensions Evolved,58411453
Geometry Wars Evolved,584107ED
Geometry Wars Evolved 2,584108FF
Geon,58410844
Ghostbusters: Sanctum of Slime,58410A89
Giana Sisters: Twisted Dreams,584113D6
Gin Rummy,5841090F
Girl Fight,5841123A
Go! Go! Break Steady,584108B8
Goat Simulator,58411498
God Mode,584113CF
Golden Axe,58410862
Golf: Tee It Up!,584108A1
Goosebumps: The Game,5841149F
Gotham City Impostors,58410A65
Greed Corp,58410A24
GripShift,5841089E
Guacamelee! STCE,58411446
Guardian Heroes,58410B2B
Guardians of Middle-earth,58411282
Guilty Gear XX Accent Core Plus,584111DD
Guncraft: Blocked and Loaded,5841143E
Gunstar Heroes,584109A6
Guwange,58410A78
Gyromancer,584109C6
Gyruss,58410817
Half Minute Hero: Super Mega Neo Climax,58410B3D
Halo Waypoint,4D5308CE
Halo: Spartan Assault,58411412
Handball 16,573607E4
Happy Tree Friends,584108AC
Happy Wars,58410AE9
Hard Corps: Uprising,58410A18
Hardwood Backgammon,584107E2
Hardwood Hearts,584107D3
Hardwood Spades,584107E4
Harms Way,58410A70
Haunt,58410B34
Haunted House,58410A88
Heavy Weapon,58410810
HELL YEAH! Wrath of the Dead Rabbit,58410B92
Hexic 2,58410826
Hexic HD,584107D1
Hexodius,58411402
Home Run Stars,58411266
How to Survive,584113E8
Hunter's Trophy 2 - America,584113C9
Hunter's Trophy 2 - Australia,584113CA
Hybrid,584109E9
Hydro Thunder,5841096A
Hydrophobia,584109EF
I Am Alive,58410B3A
I Am Super!,58480831
Ikaruga,58410878
ilomilo,58410A1B
Inferno Pool,584109CF
Insanely Twisted Shadow Planet,58410B1C
Inside Xbox,585808A0
Interpol,58410977
Iron Brigade,58410A95
Islands of Wakfu,584109AA
Jam Live Music Arcade,58411245
Jeremy McGrath's Offroad,584111DA
Jet Car Stunts,5841144F
Jet Set Radio,58411247
Jetpac Refuelled,584107FB
Jewel Quest,584107EA
Joe Danger 2: The Movie,584111F6
Joe Danger Special Edition,584111F5
Joy Ride Turbo,5841125E
JUJU,58411489
Junk Fu,5848081F
Karaoke,4D530A6F
Karateka,5841128C
Kinect Fun Labs,58480811
Kinect Googly Eyes,58480817
Kinect Me,58480814
Kinect Party - Base Game,5841125C
Kinect Rush: Snapshot,58480835
Kinect Sparkler,58480816
Kinect Sports: Ultimate Collection,4D530A55
King's Quest - Chapter 1,41560924
KOF SKY STAGE,584109AE
KOF2002UM,584109AD
KOF98UM,584108D1
Kung Fu Strike,58410B6C
Lara Croft and the Guardian of Light,58410A59
Lazy Raiders,5841095F
Leedmees,584111D5
Legend of Kay Anniversary,354807DD
Legendary Edition,41560927
Let's Sing And Dance,58411278
Life Is Strange Episode 1,5841147C
LIMBO,584109D1
Lips: Number One Hits,4D5308AF
LocoCycle,5841128A
Lode Runner,5841085B
Lucidity,584109E3
LUMINES LIVE!,584107F8
Luxor 2,5841080D
Mad Max,57520833
Mad Riders,58411240
Mad Tracks,584107F7
Madballs Babo:Invasion,584109C8
Madden NFL Arcade,584109ED
Magic 2012,58410B3F
Magic 2013,58411213
Magic 2014 - Duels of the Planeswalkers,584112C5
Magic 2015,5841141F
Magic: The Gathering,58410860
Magrunner: Dark Pulse,584113BC
Marathon: Durandal,5841085E
Mark of the Ninja,58411228
Marlow Briggs,58411403
Mars Rover Landing,58480836
Mars: War Logs,584113C0
Marvel Puzzle Quest,584113DB
Matt Hazard: Blood Bath and Beyond,584109C9
Max: The Curse of Brotherhood,5841145E
Mega Man 10,584109EE
Mega Man 9,5841092A
Mercury Hg,58410B8B
Merv Griffin's Xwords,5841092B
Metal Slug 3,584108CF
Metal Slug XX,58410972
Meteos Wars,5841091C
MicroBot,58410A9C
Might & Magic Clash of Heroes,58410A19
Mighty No. 9,584114A4
Military Madness,58410898
Minecraft: Story Mode,5841149E
Minecraft: Xbox 360 Edition,584111F7
Minesweeper Flags,584108DC
Mini Ninjas: Adventures,5841123C
Missile Command,5841084D
Mmore Goatz Edition,584114AD
Monaco: What's Yours is Mine,58411297
Monday Night Combat,58410A3D
Monkey Island,58410995
Monkey Island 2,58410A53
Monopoly Deal,58411458
Monolopy Plus,58411457
Monster Jam Battlegrounds,5841148E
Moon Diver,58410A2D
Mortal Kombat Arcade,58410B62
Motocross Madness,58410B0F
Mr. Driller Online,584108BC
Ms. Pac-man,58410837
Ms. Splosion Man,58410B19
Musical Feet,5848081E
Mutant Blobs Attack,5841143D
Mutant Storm Empire,5841081E
Mutant Storm Reloaded,584107DA
Mutation Station,5848081D
N+,5841085C
Narco Terror,58411293
Naughty Bear Panic in Paradise,5841127D
NBA JAM: On Fire Edition,584111EC
NCAA Basketball MME,58410998
NEOGEO BATTLE COLISEUM,58410A1F
NEW RALLY-X,58410835
NFL Blitz,58411235
NiGHTS into dreams...,58411268
NIN2-JUMP,58410B25
Novadrome,584107E9
Omega Five,584108A5
Orc Attack,584113C4
Orcs Must Die!,584111EB
Outland,58410A05
Outpost Kaloki X,584107DB
Oz The Great and Powerful,524607D2
PAC-MAN,58410811
Pac-Man C.E.,58410877
PAC-MAN Championship Edition DX+,58410A8C
PAC-MAN Museum,58411410
Pacific Rim,584112C1
Panzer General,584109B4
Peggle,58410889
Peggle 2,58411436
Penalty Saver,584112B2
Penny Arcade Episode 1,5841090D
Penny Arcade Episode 2,58410927
Perfect Dark,584109C2
Phantasy Star II,584109A5
Phantom Breaker:Battle Grounds,5841125D
Pid,58411289
Pinball Arcade,5841121D
Pinball FX,58410834
Pinball FX2,58410A23
Ping Pong,584112B3
Planets Under Attack,58411250
Plants vs. Zombies,584109FF
Poker Night 2,584113DD
Poker Smash,5841089C
Polar Panic,584109EC
Pool Nation,5841127A
PopCap Arcade,504707D6
Portal: Still Alive,58410960
PowerUp Forever,58410934
Prize Driver,584112AE
Puddle,584111D9
Putty Squad,58411435
Puzzle Arcade,584108A0
Puzzle Bobble Live!,584109C1
Puzzle Chronicles,58410952
Puzzle Fighter HD,5841086E
Puzzle Quest,58410896
Puzzle Quest 2,58410A3C
Puzzle Quest Galactrix,5841091B
Puzzlegeddon,584109D5
QIX++,584109E4
Quake Arena Arcade,584108C8
Quantum Conundrum,584111FF
Quarrel,584111EA
R-Type Dimensions,584108AD
R.B.I. Baseball 14,5841144E
R.I.P.D.: The Game,584113EE
Radiant Silvergun,58410A54
Rainbow Islands: Towering Adventure,584109C3
Raskulls,58410920
RAW,584111EE
Rayman 3 HD,5841123F
RayStorm HD,584109BC
Reaction Rally,584112B5
Real Steel,584111E0
Red Bull Crashed Ice Kinect,58411253
Red Faction: Battlegrounds,58410A6C
Red Johnson's Chronicles,58411260
Rekoil: Liberator,58411420
Renegade Ops,58410ABE
Resident Evil,43430841
Resident Evil 0,43430842
Resident Evil 4,4343081C
Resident Evil Code: Veronica X,43430822
Resident Evil Revelations 2,5841144C
Retro City Rampage: DX,58411285
Rez HD,584108B3
Risk,58411460
RoboBlitz,584107E5
Rock Band Blitz,5841122D
Rock Band Music Store,545607D5
Rock of Ages,58410A9A
Rocket Knight,58410A02
Rocket Riot,584108CC
RocketBowl,58410875
Rocketmen:Axis of Evil,5841086F
Roogoo,584108F3
Rotastic,58410A75
Rugby Challenge 3,484507DB
Rugby League Live 3,484507DA
Runner2,58411221
Rush'n Attack,58410819
Rush'N Attack: Ex-Patriot,58410A17
Sacred Citadel,58411236
Sam & Max Beyond Time and Space,58410999
Sam & Max Save the World,5841097D
Samurai Shodown II,584108D0
Sanctum 2,58411329
Scarygirl,58411226
Scene It? Movie Night,58410B88
Schizoid,584108BE
Scott Pilgrim vs The World: The Game,58410A2C
Scourge: Outbreak,58411212
Scramble,58410814
Scrap Metal,58410987
Screw Jumper!,58410895
Sealife Safari,584108F9
Section 8: Prejudice,58410B45
SEGA Bass Fishing,58410A83
Sega Vintage Collection: Alex Kidd & Co.,58410B70
Sega Vintage Collection: Golden Axe,58410B6F
Sega Vintage Collection: Monster World,58410B72
Sega Vintage Collection: Streets of Rage,58410B71
Sega Vintage Collection: ToeJam & Earl,5841124C
Sensible World of Soccer,58410869
Serious Sam 3: BFE,5841127F
Serious Sam Double D: XXL,58411249
Serious Sam HD: The First Encounter,584109DA
Serious Sam HD: The Second Encounter,58410A72
Shadow Assault/Tenchu,58410922
Shadow Complex,584108F6
Shank,58410A62
Shank2,5841120C
Shinobi,584109A4
Shoot Many Robots,584111FB
Shotest Shogi,5841087B
Shred Nebula,58410879
Sine Mora,58411234
Ski Race,584112A1
Skullgirls,584111DB
Skulls of the Shogun,584111D8
Skydive,584112C8
SkyDrift,58410B49
Slender: The Arrival,58411430
Small Arms,584107D5
Snoopy Flying Ace,584109B5
Soltrio Solitaire,5841083D
Sonic & Knuckles,584109C4
SONIC 4 Episode II,584111F2
Sonic Adventure,58410A25
Sonic Adventure 2,58411202
Sonic CD,584111F1
Sonic the Fighters,5841129E
Sonic The Hedgehog 2,58410863
Sonic The Hedgehog 3,584109A3
Sonic The Hedgehog 4,58410A07
Soulcalibur,58410904
Soulcalibur II HD,58411411
South Park,58410931
South Park: Tenorman's Revenge,58410B80
Space Ark,5841096F
Space Channel 5 Part 2,58410A39
Space Giraffe,5841080C
Space Invaders Extreme,58410996
Space Invaders: Infinity Gene,58410A4D
Spare Parts,58410A7C
Spartacus Legends,58411256
Special Forces Team X,584112AD
Spelunky,584109BE
Splosion Man,5841098F
SpongeBob UnderPants!,5841089F
Spyglass Board Games,584107F5
Stacking,58410A73
Star Raiders,58410B3E
State of Decay,584111E8
Storm,584113F2
Strania,58410AA5
Street Fighter II: Hyper Fighting,584107F4
Street Fighter III: Online Edition,58410B16
Street Trace:NYC,584107F0
Streets of Rage 2,5841086D
Strider,584113C7
Super Contra,5841081A
Super Meat Boy,58410A5A
Super Street Fighter 2 Turbo HD,584108A4
Super Time Force,584112CE
Swarm,58410B07
Switchball,58410830
Syberia,58411405
Syberia 2,58411406
Takedown: Red Sabre,584113E7
Tales from the Borderlands,5841143A
Team DZN Sci-Fi,4D4207D7
Tecmo Bowl Throwback,58410A60
Tempest,5841084F
Tetris Splash,5841083B
Texas Cheat'em,5841096D
Texas Hold'em,584107F6
The Book of Unwritten Tales 2,354807DE
The Bridge,58411414
The Cave,58411238
The Dishwasher,58410902
The Dishwasher: Vampire Smile,58410A21
The Escapists,464A07D1
The Expendables 2 Videogame,5841124B
The Fancy Pants Adventures,58410A9F
The Legend of Korra,58411447
The Maw,584108C2
The Path of Go,5841099F
The Raven Episode 1,5841140A
The Splatters,584111E1
The UnderGarden,58410A87
The Walking Dead,584111DE
The Walking Dead: Michonne - Episode 1,584114B2
The Walking Dead: Season Two,58411413
The War of the Worlds,58410B64
The Warriors: Street Brawl,58410930
The Wolf Among Us,58411216
Things on Wheels,58410A36
Thunder Wolves,584113F5
Ticket to Ride,584108EC
Time Pilot,58410815
TiQal,584108D9
TMNT: Out of the Shadows,584113C2
TNT Racers,58410A58
Tony Hawk's Pro Skater HD,5841124A
Torchlight,58410A7E
TotemBall,58410831
Tour de France 2009,5841092F
Tower Bloxx Deluxe,58410956
Toy Soldiers,5841099E
Toy Soldiers: Cold War,58410AAC
Toybox Turbos,58411463
Track and Field,5841081B
Trials Evolution,58410AAD
Trials Fusion,58411401
Trials HD,5841095A
Triggerheart Exelica,58410888
Trine 2,58410A9B
Trivial Pursuit Live!,5841145B
TRON,5841088E
True Crime,41560821
Ugly Americans: Apocalypsegeddon,58410B63
Unbound Saga,58410A11
Undertow,58410873
Valiant Hearts,58411428
Vandal Hearts: Flames of Judgment,58410974
Video Kinect,584807EC
Vigilante 8 Arcade,584108A8
Virtua Fighter 2,5841129C
Virtua Fighter 5 Final Showdown,584111FE
Virtual-On OT,58410985
Voltron,58410B8F
Voodoo Dice,58410A52
War World,58410857
Warface,4D530AA5
"Warhammer 40,000: Kill Team",58410B52
Warlords,58410B27
Warp,584111DC
Watchmen: The End Is Nigh,5841096E
Watchmen: The End Is Nigh - Part 2,584109A0
Way of the Dogg,58411291
Who Wants To Be A Millionaire?,584113E3
Wik: Fable of Souls,584107DD
Wing Commander Arena,58410868
Winterbottom,584109D9
Wits & Wagers,584108A6
Wolf of the Battlefield: Commando 3,584108AB
Wolfenstein 3D,584109CB
Word Puzzle,58410874
World of Tanks Public Test,4D530A8B
Worms,584107DE
Worms 2: Armageddon,58410912
Worms Revolution,58411290
Worms The Revolution Collection,565107D9
Worms: Ultimate Mayhem,58410AFD
Wreckateer,58410B8C
Wrecked Revenge Revisited,58410B0B
Xbox 360 Dashboard,FFFE07D1
Xevious,58410894
Xotic,58410AF4
Yar's Revenge,58410AA1
Yie Ar Kung-Fu,58410816
Yo-Ho Kablammo,5841092E
Yosumin! LIVE,5841098B
Yu-Gi-Oh! 5D's Decade Duels Plus,58410A03
Yu-Gi-Oh! Millennium Duels,58411442
Zeit 2,58410AA9
Zeno Clash 2,58411277
Zeno Clash UE,584109DC
Zombie Apocalypse,58410961
Zombie Apocalypse: Never Die Alone,58410B76
Zombie Driver HD,58410B41
Zombie Wranglers,584108D8
Zuma,584107EF
Zuma's Revenge!,584111E9
0 Gravity Y3030,58550BAF
10 Amazingly Awful Games Vol 2,58550AE7
1on1 Basketball,58550B89
1on1 Soccer,58550B35
2 JAWSOME,58550BBE
20 Games,58550ACD
2012,58550BB0
2012 Athletics Tournament,58550B97
21 Ball Snooker Champion,58550A03
21 Ball Snooker LIVE,58550B7B
27 Ball Funky Pool,5855090B
2D House of Terror,58550BB6
2D Math Panic,58550962
37 Days to Die,58550B4B
3D Pixel Art Studio,585509D3
3D Stereo Studio,58550A5F
3D Ultra MiniGolf 2,58410A3B
3D-struction,585509E6
43D,58550928
48 Chambers,58550AEA
4P Ping-Pong,58550A4B
4-tet Music Maker,585509BF
5MinRPG,58550B28
8 Ball Champion LIVE,58550B98
A Day at Gma's House in Winter,585509F2
A Pimp RPG,58550971
A Pixel Escape,58550B43
A Snowy Slalom,58550BE9
a Voxel Action,58550A7A
A-Band,58550AF2
About To Blow Up Part 1,58550B75
Absolult Firepower,58550A30
Absolute War,58550B69
Abzolium,58550A07
Ace of Dynamites,585508EB
Ace on Steroids,58550AF6
Acid Drift: Solar,58550B8E
Adamant Ants,58550B50
After Burner Climax,58410A06
After Dusk,58550934
Air Combat: Desert Aces,58550953
Alchemy God,58550B59
Alexander Learning Series 360,58550A8A
Alien Hideout,585508EE
Alien Jelly,58550A2A
All the Bad Parts,58550946
All Your Creeps,58550A58
Ambiance,58550BB9
Ambient Travels,58550939
An Elfy Winter,58550A5D
Andromium,5855091D
Andy's Notepad [Saucers],58550B62
Angry Fish,58550972
Angry Fish: Deep Sea,58550A92
Angry Zombie Ninja Cats,585509EA
Annecto,5855090C
Ant General,58550BA8
Apex,5855095E
Apple Jack 2,58550B4D
AppPack 2.0,58550A37
Aqualibrium,58550B54
Arena of Fire,58550B11
Argh Aliens,58550AAA
Aron 2: Mysterious Troubles,58550B21
Aron's Journey in Dreamland,58550963
ARP Halloween Edition,5855099D
Ascension,58550A3E
Asphalt Jungle 2,5855093F
Assembly Line,585508FA
Astral,58550AAB
Astralia,58550980
Atom,58550A83
Attack of the evil androids,5855092F
Attack of the Zombie Horde,58550A26
Attanck!,5855092C
Attanck!2,58550A1E
Attanck!3,58550AB0
Auxillium Magi,58550AE9
AvaGlide 2,58550B65
Avalis Dungeon 2,58550967
AvatAAAH!!!,58550BB5
Avatar Air Wars,58550B04
Avatar Block War,58550A79
Avatar Chess,585509C3
Avatar Climbing,58550A3A
Avatar Connection,58550950
Avatar Deathmatch,58550ABB
Avatar downhill,58550B7D
Avatar Euro Penalty Shootout,58550B5B
Avatar Falls Down Stairs,58550B33
Avatar Farm!,5855091A
Avatar Fart!!,58550B2A
Avatar Fighter Online,58550975
Avatar Gold Grab X-mas Version,58550A25
Avatar Grand Prix 2,58550A62
Avatar Laser Wars 2,58550BA5
Avatar Onslaught 2,58550A6F
Avatar Panic,585509A2
Avatar Planking,585509AD
Avatar Punch,5855099F
Avatar Random Chat,58550B56
Avatar Rumble,58550A05
Avatar Running,5855094A
Avatar Running 2,58550AF1
Avatar Street Basketball 2,58550964
Avatar Thunder Cars,58550A74
Avatar Tower,585509B7
Avatar Trivia Party,585509FF
Avatar Trivia Party 2,58550B92
AvatarBall,58550A39
AVATOUR - VEGAS,58550B5E
Baccarat,58550BEE
Ball Lightning,58550989
Ballochet,585508F2
Ballochet 3,58550A44
Balloon Guard,58550A84
Balls N Walls,5855096C
Bath Salt Zombies,58550BD6
Battlepaths,58550B3F
Beach Bubbles 2,58550944
Beep Brrp Bing Bang Bosh,58550B22
Ben 10: Alien Force - The Rise of Hex,584109EA
Beware of the Penguins,5855091B
Bible Trivia Avatar Edition,58550B0B
Bibz,58550B26
Billy The Kidney Bean VTFF,58550A33
Birth Order,58550AB9
Bit Digger,58550AAF
Bit-Hacker,58550AD4
Blaster,58550B9C
BlindGiRl2,58550A41
Blobs,58550938
Block World,58550BB1
Block Zombies!,58550A59
Blockt,58550956
Blocky,58550994
Bloody Mary,585509A9
Blow Me Up,5855091E
Bobby,585509D7
Boopa Zap,58550BB4
Boulder Dash-XL,58410AF1
Boxed In,58550A9F
Brain Jump 3,58550B2E
Brand,58550A72
Breach,58410A68
Bricks,58550AF5
Brimstone - An Action RPG,58550BDC
Brittle,58550AAC
Bub Block,585509C9
Bug Ball,58550A73
Build 'n Bump,58550B3A
Bureau - Shattered Slipper,58550B39
Burger Jack,58550A40
BurgerTime World Tour,58410B90
Burning Rubber,58550BBB
Bytown Lumberjack,58550ADA
Call Me,5855096F
Canyon Viaduct,585509E9
Car Washer Summer of the Ninja,58550AB5
Card Creator Xmas,58550A24
Cassie's Animal Sounds,58550A17
Cassie's Christmas Magic,58550A11
Castle Of Pixel Skulls,585509B5
CastleMiner,58550900
CastleMiner Z,585509DC
Cataboom,58550ABA
Catan,5841083E
CatHunterPopoy,58550B88
CatSaber,585509CA
Cell: emergence,58550A80
Chain Crusher,5855094F
Chains,58550B12
Cherry Poke Prison,58550B4C
Chester,58550951
Chompy Chomp Chomp,58550B2B
Chopper Storm,58550BA1
Christmas Rocks!,58550A00
Chronodash,58550B78
City Zombified,58550B0D
Claustrophobia,585509D1
Clyde Hopper's Trajectory,58550AF3
Coagulate,5855092A
College Lacrosse 2012,58550B34
Colonies: Neociv,58550A1F
Color Sense,58550BDD
Combo - red moon rising,585508F3
Comedy Night,58550BAC
Compromised,58550B2D
Convict Minigames,58550987
Cowbots,58550A5A
Craftimals: Build to the Sun,58550AAD
Crazy Balloon Lite,58550914
Crazy Particles,58550A1D
Cro-Mag RallyÂ® Extreme!,58550A9B
Crystal Hunters,58550B08
Crystal Skies,58550B46
Cubicle,5855093C
Cuddle Bear,58550B15
Curse Of Shadows,58550B0C
Cursed Loot,58550930
Cute Things Dying Violently,58550936
CyberDeck,58550AB8
Cycloid,58550917
Cylinder,58550AFC
Dark Delve,58550988
Dark Forest,58550ABD
Dark Matter,58550BA7
Dark Reign Redux,58550A69
Days of Thunder: Arcade,58410A0F
Dead Pixels,58550970
Dead sea,58550B86
Death Closet,58550BC3
Death Orb Wars,58550BD8
Defenders of the Last Colony,58550BE1
Defy Gravity Extended,58550A6A
Denizen's Den,58550A9A
Denizen's Den-The Black Knight,58550B09
Desert Commando,585509BD
Detect,58550A5E
Devil Blood,5855097D
Devilsong,585509CE
Diamond Caves,58550B16
Diamond Challe,58550BF1
Diamond Digger,58550A6C
Dice,58550B13
Die Pad Die,585509BC
Diehard Dungeon,58550BE7
Dirt Track Racer,58550BA0
Distortion King,585509DB
Divine Justice Zero,585508FE
DLC Quest,585509C7
Doc Logic,5855092B
"Don't Die Dateless, Dummy!",58550A56
Don't Feed the Trolls,5855097A
Doom & Destiny,5855093E
Dot Dash: episode 1,58550B14
Dot.,58550A4D
Dragons vs Spaceships,585509FE
Dream Divers,58550AC2
Drinkards Beer Pong,58550BBC
Drinking Games,58550BC2
Drive Fast Think Faster,58550B02
Droppin' Ballz,58550B19
Dunjax,58550AE3
Dyad,58550ADE
EchoSpace,58550A2D
Edgeland,58550B9B
Elemental Wizard,58550959
Elfsquad7,585509F7
Empire of Towers,58550BA4
End Of Days: Infected vs Mercs,58550A36
Endless Princess,585509B3
Entropy,58550BF2
EP1C CAT G4ME FOREV3R !!,58550A01
Escape From Robot Doom,585509FA
Escape Goat,585509C8
Escape Hell Prison,58550AB3
Escape The Car,58550995
Evan Quest,58550A96
Every Other Shooter,58550BA3
evil shapes and spaceships,58550B1B
EvilQuest,58550A48
Extreme Jogging,58550A19
Eyestorm,58550A45
ezmuze+ 2,58550BDA
Face Slapper,58550BA2
Face-Plant Adventures,58550BD2
Fallen Angel,58550B9A
Falling Blocks,58550984
FastBall 2,58550986
FatSheep,58550A89
Fawnix,585508F0
Fierce Game Hunting,58550A28
Fighter Mission,58550AA1
Figure 8 Racing,5855096B
Final Failure,585509A6
FireFly Vegas,58550A1C
Firing Range,585509E1
Firing Range 2,58550AFE
Fish Bait,58550AF4
Fish Game,58550A52
FishPop,58550A14
FITS-Fishing in the sea,5855098F
Flag Hunt,5855099C
Flight Adventure 2,58550993
Flip N Shift,58550922
Flowrider,585509D5
Flycatcher,58550AA8
Flying Zombie Invasion,58550B3C
Fortress Wars,58550AB6
Four Winds Fantasy,585509AF
FPS Trainer,58550A8E
Fractalus,58550A09
Freeze Everything,58550AC3
Fun in the Gulf,58550A12
Funky Balls,58550BE2
Galactic Thunder,58550BD9
Gallows,58550BEF
Game Frenzy,58550977
Game Type,58550A27
Gamerscore Tracker,58550A0C
Gateways!,58550BEA
gemologist,585509E3
Gems N Rocks,58550AEC
Gentlemen Start Your Engiiines,58550B30
Geo Bots,58550B9E
Get Off My Island,58550BCD
GET TO THA CHOPPA TWOOO!!2,58550966
Ghost Mine: Dig for Survival,585509A8
Ghosts of Tarr-Minos,58550B24
GHXYK2 Classics Vol. 1,585508F9
Gingerbread Holiday,58550B0E
Glare,58550BDE
Glow Arcade Racer,5855099B
Glowbz,585509AA
Go Gimbal Go,58550B63
Goals,58550911
Gold Digger The Comic 1 - 7,58550A6B
Gold Miner,58550B06
GOOLIN,5855096A
Grand Class Melee,585509A7
GravArena,58550925
Gravitas,58550A95
Gravity Dash 2,58550A42
Grey Infection,58550A81
Growing Pains,585509DD
Guarding,58550943
Guppy: Collects! 2,58550B87
Hack This Game 3,58550A3C
Hack This Game 4,58550BD4
HackTris,58550BE6
HACOTAMA,58550960
HAPPY,58550961
Hardboiled Pinball,58550A76
Head Shot God,58550957
Hell's House,585509A5
Herbert and the Skyship,58550B47
Heroes of Hat,58550B2C
Heroes vs. Zombies,58550931
HexChess 360,585508FC
Hey Aliens: Ill Mash You Up!,58550BDF
Hidden in Plain Sight,585509E7
High Gravity Wells,5855097E
Hole In The Wall,58410A1D
Homeless,58550A23
Honey Badger - Slayer of Memes,58550B0F
Honor in Vengeance II,5855090D
Hop and Pop,58550ADC
Hopper,58550AD9
Horde of the Damned,58550A1B
Human Subject,58550BB3
Hungry Snake,58550ACE
Hypership Still Out of Control,58550A5C
"I, Zombie",58550A18
IC4,58550AB7
Imaginary,58550BB8
Infection,58550B41
Inferno!,58550923
Insane Game,58550BA9
Insane Zombie Carnage,58550AFF
InterGalaXia,58550BF0
International Mooing Contest,585509A1
invAIders,58550903
Invasion,585509E2
Invasion One,58550A34
Invincible Tiger,58410982
Iron Core,585509D8
Itza,585509EB
JAWSOME,585509CF
Jellyfish MD,58550954
Jet Set Willy 360,58550BBD
Jet Star Universe,58550952
Jetpack Rapture,58550B48
Jewel Fever,58550B3B
Jigsaw Jumble,58550AA6
Jungle Jam,58550BED
Katana Land,58550A77
Kick'n It,5855091F
Kingdom,58550A7C
King's Cup,5855095D
Kiss Kiss,58550A66
Kobold's Quest,5855094D
KrissX,58410994
L.A.R.A,58550A70
Last Dragon Standing,585509C0
LCD Dungeon System,58550A71
League of Planets,58550AFB
Learn Basic French,58550B53
Learn Basic Italian,58550B00
Learn the U.S Presidents,58550B95
Lemmy Lizard vs The Mecha-Eggs,58550ABC
Let's Draw & Share!,58550921
Let's Get Fiscal,58550A1A
Letter Munch,58550AF7
Lexiv,58550A2F
Life in the Dorms,58550BEC
LightFish,585509B4
"Like, Favorite, Shoot!",58550B40
Little Kingdom Advanced,58550BCC
Little Monsters,58550B17
Little Ninjas,58550B6F
Little Racers STREET,58550A68
Little Strategy,58550A98
Living Dead - Upgraded,58550A94
Lolita of Labyrinth,585509F1
Lootfest: Live Design,58550A51
Lots of Guns,58550A49
Lucky Game,58550933
Lumberjack,585509AC
Mage Cage,58550BCE
Magic Racing GP 2,58550A16
Mambow,58550B2F
Manic Miner 360,58550B57
Marathon Monk,58550A7D
March to the Moon,58550BC5
Marvel vs. Capcom 2,58410976
Massteroid,58550B6D
Masters of Influence,585509DE
Match with Wally,58550ABE
Math Fighter,58550982
Mayfly's Castle,58550AD6
Maze of Apes,58550BAB
Meep 2 - Jumping Evolved,58550932
Mega Shooter 11,5855098D
MegaCity,58550AE6
MegaUP: Upload if you can!,58550A64
Memory Freak,58550B18
Merball Tournament,58550999
Merger,58550BBF
Merry Match3 Christmas,58550A2C
Miasma 2,58550B1D
Microbial,58550B3D
MiG Madness,58550B29
Milie & Telly,585509AB
Millennium Man,58550904
Miner Man,585509B9
Miner Of Duty,58550B4E
Miner Style,58550A78
Miner Warfare,58550AEB
Miner4Ever,58550AB2
Minigame Marathon,58550B42
Mister Jump,58550B84
MLB Bobblehead Battle,58410B7C
MLB Bobblehead Pros,58410B7B
MLB Stickball,584108B4
Moe Mekuri 2.52.5,585509CC
Monkey Madness,5855095B
Monster Katz,58550B32
Monster King,58550B51
Monster Wisp,58550AEF
Moon Cheese,58550918
Moon Miner,585509C6
Mortal Legacies,58550B44
MOTOJUMP,585509C2
Motorbike Stunt Agent Julie,58550926
Murder for Dinner,58550B8F
Murder Miners,58550BDB
Music Island,58550ACB
Musickness,58550A54
MXHD,58550A75
My Cat vs Zombies Ep I,58550AC4
My Chabudai,58550B3E
Mystic Forest,58550B5C
Mystic Mayhem,58550BC6
Nano Doc,58550B7A
NanoSquad,585509F5
Natural Selection,58550A57
Nene minigames,58550929
NewsCopter,58550A50
Nexuiz,58410B82
Ninja Exorcist Episode 1,58550B8A
Ninja Recapture,585509FC
Ninja Sneaking,58550941
Ninja Sneaking2,58550A65
Ninja War STOLEN SCROLLS,58550997
Ninjah,58550958
Ninjas and Priestess,58550BB7
No Luca No,5855090F
No Pain No Brain,585509B1
NomNoms,58550A2E
North Pole Zombie Massacre,58550A15
Nova Remnant,58550927
Nuage,58550A8D
Null Battles,58550BC7
Nyan Cat Adventure,58550A13
O.C.D.,58550A91
Obsessive Collecting Disorder,58550B6B
Ocean Drive Challenge,58550A61
Octogenarian VIP,58550A9D
Octopede,58550A4E
Off Balance,5855090E
Ogre's Phantasm Sword Quest,58550AC7
Oil Magnate,58550AC1
One Man Army,58550A43
One Million Taps,58550BAE
Oozi Earth Adventure Ep. 4,58550BC9
Oozi: Earth Adventure Ep. 2,585509ED
Oozi: Earth Adventure Ep. 3,58550A88
Orb Tower Defense,58550A35
Orbit Craze,58550B07
Orbitron: Revolution,585509F9
Orcs!,585509FB
OTO,585509B6
Overdriven,58550B58
Oxadania: An E-book,58550913
P3,58550A46
Pacific Wings,58550B9D
Paddle Wars,585509B8
Paintball War,58550BC8
Pajamorama,58550924
Paper RPG,58550AAE
Parasitus: Ninja Zero,5855090A
Parrot Paradise: Lorikeets,58550919
Pedro,58550A86
Peg Solitaire,58550B74
Pelleteuse,58550969
Pendulous,58550B1E
Penny Arcade's Rain-slick 3,58550B60
Perdition,58550B45
Perfect Shooting Training Camp,58550A5B
Perkunas' Dragon: Episode One,585509E8
PerturBirds,58550A97
Phase Runner,58550901
Pi,58550B79
Picbox,58550A7E
Picture Puzzle,58550AC9
Pig & Bullet,58550B55
PigMan,58550A99
Pigs Can't Fly,58550976
PING,58550B96
Pingvinas,58550A02
piniq,58550A04
Pixel Animator 3D,58550998
Pixel Blocked!,585508FF
Pixelosity,5855098B
Place The Arrows On The Floor,585508EF
Plague,585508ED
Plasma Spheres 3,58550B05
Plasmania,58550B38
Platform Hack,585509A3
Play As You Go,5855095F
Playing in Traffic,58550A22
Plugemons: Part 1,58550A4F
Prairie Dog Massacre,585509BE
President John America,5855096D
Primary Potions,5855095C
Prince of Persia,58410865
Princess Pony's Happy Bounce,58550B80
Pro Basketball Shooter,58550B77
Professional $tealer,58550947
Project Windstorm,58550974
Pulse: Fight the Night,58550B5F
Pumpkin Smasher,585509D2
Punch That Face,58550BD1
Puzzle Cubicle,58550B52
Puzzled,58550B7F
Puzzled Rabbit,58550973
qrth-phyl,58550BE0
QTE Champ,58550B9F
Quick Pirate,58550AF9
QuickDraw,585508EA
"Quiet, Please!",58550AF0
Racedrome Offroad,58550AD8
Racing Wings,58550AD3
Rainbow Rapture,58550A38
Ramen Ninja,58550A32
Random the Dungeon,58550909
Ranger Wars,5855097F
Raptor Resort,58550AD2
Raventhorne,5855092E
RE: Get To Schol On Time,585509D4
Recording Studio,58550BC0
Rectangle Battle,58550AA5
Red Bull X-Fighters,58410B10
Red Hot Poker,58550AC8
Red Invasion: Tower Defense,58550AE1
Red Tie Miner,585509E5
Red Tie Miner Zombie,58550AA2
Red Tie Miner Zombie 2,58550B8C
Redd: The Lost Temple,5855095A
Redshift,58550AB1
Remote Viewer,585509A4
Repixland,58550910
Resistor,58550BCF
Retribution,58550AF8
Retro Arcade Adventure,58550AC0
Revenge of the Sammich,58550B31
Rise of the mummies,585509F0
Risk: Factions,58410A13
Robofish,58550ABF
Robot Platformer,58550916
Robot Platformer 2,585509D9
Robotriot,58550985
Rock Bottom,58550AD5
Rock 'n' Mole Extreme,58550907
"Rock, Paper, Lazers",58550B91
Rocket Narwhal,58550B20
Rocks. In. Spaaace!,58550940
Rocky and Bullwinkle,58410890
Rogue AI,58550BC1
Rolling Hot Balls,58550B37
RoomRental,58550A3F
RotoSchutzen,58550B66
RumbleVoice,5855094B
Running With Scissors,58550B0A
S. Avatar Fighting Tournament,58550B68
Santa Sleigh Sling,58550A31
Santa's Xmas Dash,58550A0B
SCHAR: Blue Shield Alliance,58550B6E
Scuba Adventure,58550ADB
SEAL Team 12,58550B1C
SEGA Rally Online Arcade,58410AC2
SEncounter,5855096E
Senoka,58550BE3
Sensory Overload,585509BB
Sententia,58550BE4
Sepak Venuses,58550B49
Septipus: Tentacle Apocalypse,58550AEE
Sherbet Thieves,5855098A
Shock and Awe,5855099A
Shooting at Monsters,58550B64
SHOOTING CHICKEN BrutalSuckers,58550B4A
Shrek-n-Roll,584108C7
Sideral Defense,5855097B
Siege King: The Siege of Aurum,58550A53
Silent Call 2,58550A0F
Sins of the Flesh,585509C5
Sketchy Bounce,585508FD
Skimmer Patrol,58550A87
Sky Cat,585508F5
SKYFISH II EAT YOUR PEAS,58550B10
Slick,58550B8B
SlowDown,58550BD3
SmartBomb,5855099E
Smarter Than A Cheerleader?,58550A47
Smooth Operators,58550BEB
Snake 2,585509DA
SNAKESTER,58550B1A
Snakez Gunz & Ladderz,58550AE0
Snops Attack! Zombie Defense,58550BE8
SOLAR ANNIHILATION,58550AA4
Sonic The Hedgehog,58410864
Space Battles,58550A90
Space Command,58550A93
Space Debris,58550AE5
Space Invasion,58550B85
Space Pirates Adventures,58550A7B
Space Wars RTS,58550B5A
SpaceFighter4000 Training,58550A6D
Spaceman Adventure,58550B90
Spartans in Candyland,58550A10
Spectrangle360,58550AD1
SpeedRunner HD,5855094C
Spell Master,58550990
Spitfire,58550B23
Splodge,58550BE5
Spoids,58550ACA
Spyleaks,58550BB2
Star Defender,585509EC
Star Ninja,585508F4
Star Trek: DÂ·AÂ·C,5841098E
StarBeam,585509CB
StarCatcher,585509D0
StardustHunterPopoy,58550A60
Starship Slots,58550A21
Startfighter 2-9,58550AA9
StarWings,58550B83
Starzzle Seasons,58550A2B
SteamSunk,5855098C
Steel Avenger,58550935
Stellar Fortress,58550B6C
STG VS,58550A08
Sticky Bump,58550BAD
Story Sender,58550B25
Strategic Combat,58550968
summoners,58550BCB
Sunflower farm,58550B99
Super Amazing Wagon Adventure,58550B6A
Super Kablamo,585509BA
Super Killer Hornet,58550B7E
Super Ninja Warrior Extreme,58550AC6
Super Zombie Smash,58550A8B
Superdimension Iliad,58550B4F
Sushi Castle,58550B72
SWASHBUCKEL UR SEATBELTS,58550920
T.E.C. 3001,5855093B
Take Arms,58550945
Takedown!,58550A3D
Tap Blox,58550B1F
Techno Chopper,585509A0
Teddy Defender,58550AED
Temple of Dogolrak,585509EE
That Really Hot Chick,58550942
That Wacky Fish Game,58550B7C
The $1 Zombie Game,58550991
The 4th Wall,58550BA6
The Book of Biblets - Part 1,58550A0D
The Cannon,585508EC
The Defenders,58550A55
The Fall of Gods,58550979
The Hearts of Men: ToD,58550ACC
The Houchi Play,58550ACF
The Impossible Dungeon,58550A9C
The Jump Hero,5855093D
The Legend of Aylesbury,58550B76
THE MONKEY WANTS BANANAS,58550BAA
The Never Ending Game 2,58550A85
The Relic of Horus,58550B82
The Rise of Gaddafish,58550B67
The Undead Syndrome,58550B94
There Will Be Brains,5855098E
They Breathe,58550A06
Tiles With Buddies,58550B03
Torque Quest,5855092D
Tourist Trap,585508F1
Toy Stunt Bike 2,58550A8F
Trailer Park King,58550902
Trailer Park King Episode 2,58550A4A
Train Frontier Express,5855094E
Transgression,58550AA7
Trap Ball EdiciÃ³n Billar,58550BD0
Trouble Witches Neo!,584109B8
Tunnelvision,58550978
TurboRocket 2,585509F6
TurboRocket 3,58550A67
TurboRocket 4,58550AB4
Turtle Casino,58550905
Twenty Twelve,58550B8D
UBERZOMBIE USA,58550A9E
UK Regions & Counties,585509F3
Ultimate Polygon,585509EF
UnBound,585509B2
Union of Armstrong,58550A82
UniXNA : Cube,58550B36
Unnecessary Violence,58550AFA
Uno,584107F3
Uno Rush,5841089A
Venture,585508FB
VideoWars,58550937
Vidiot Game,58550AE8
Virtual Attraction - Part 1,585508F7
Virtual Attraction - Part 2,58550A0A
Virtual Money Plant,5855091C
VolChaos,585509F8
Volley,58550BCA
Wabbits! Jumping For Fun,58550A0E
Wacky Waving I. A. F. Avatars,5855097C
Wallace & Gromit's Grand Adventures Episode 1: Fright of the Bumblebees,5841093C
Wallace & Gromit's Grand Adventures Episode 2: The Last Resort,58410979
Wallace & Gromit's Grand Adventures Episode 3: Muzzled!,5841097A
Wallace & Gromit's Grand Adventures Episode 4: The Bogey Man,5841097B
Wanderer,58550AD7
War In Box (HAKONIWASEN),58550ADD
Warlords,58410851
Warp Shooter,58550BC4
WARR,585509C1
Washington's Wig,58550B5D
We Are Cubes,58550ADF
Who is God,58550906
Who's Gonna Get The Girl,58550B81
Who's the Daddy,585509E4
WineHead,58550A8C
Wirral Railway & Garden Plants,58550992
WispLisp Array of List,58550915
Without Escape,58550AE2
Wizorb,58550981
Wolfenstein 3D,584109A7
woOOPuP!,58550AE4
World Wars II,585509CD
Worlds Best FREAKING Card Game,58550A6E
Wushi,58550B73
Xeno Waster,58550908
XenoTroid,58550B71
X-MEN,58410B11
Yetholm Castle Aries Attack,58550BD5
You're All Diseased!,585509DF
Zandri's Revenge,58550B70
zombie crossing,58550AA3
Zombie Invasion,58550AA0
Zombie Monkeys TD,58550B01
Zombie Racers,58550949
Zombie Slaughter Is Fun,585509E0
Zombie Snowmen,58550A3B
ZOMBIECRAFTT!!1 SAMPLER,58550983
ZombieRun,58550AC5
Zombies,58550AFD
Zombies ruined my day,58550912
ZOMBIES Stole My Liquor!,58550B27
"Zombies, Zombies Everywhere!",585509F4
Zombusters,585509D6
The Simpsons Arcade Game,584111FA
TMNT 1989 Arcade,58410870
Optional Media Update,FFFE07DF
Xexmenu,C0DE9999
